"spp1","spp2","spp3","spp4","spp5","spp6","spp7","spp8","spp9","spp10","spp11","spp12","spp13","spp14","spp15","spp16","spp17","spp18","spp19","spp20","spp21","spp22","spp23","spp24","spp25","spp26","spp27","spp28","spp29","spp30","spp31","spp32","spp33","spp34","spp35","spp36","spp37","spp38","spp39","spp40","spp41","spp42","spp43","spp44","spp45","spp46","spp47","spp48","spp49","spp50"
5,11,9,11,8,7,6,3,10,8,0,0,0,0,0,0,0,0,0,0,0,0,1,0,0,0,0,0,0,0,1,0,0,0,0,0,0,0,0,0,0,0,0,1,0,1,0,0,0,0
0,0,0,1,0,0,0,0,0,0,6,5,10,3,7,2,12,5,5,4,0,0,0,0,0,1,0,0,0,0,1,0,1,0,0,1,0,0,0,0,1,0,0,1,0,0,0,0,1,0
0,0,0,0,0,0,0,0,0,0,0,0,0,0,0,0,0,0,0,0,6,12,10,13,10,13,11,9,8,7,0,0,0,0,0,0,0,0,0,0,0,0,1,0,0,0,1,0,0,0
0,0,0,0,0,0,0,0,0,0,0,0,0,0,0,0,0,0,1,0,0,0,0,1,1,0,0,0,0,0,11,3,5,9,6,8,10,7,14,6,0,0,0,0,0,0,0,0,0,1
1,0,0,1,0,0,0,0,0,1,0,0,0,0,0,0,0,0,0,1,0,0,0,0,0,1,0,0,0,0,0,0,0,0,0,0,0,0,0,0,4,5,15,9,9,17,9,10,9,13
11,6,9,10,7,13,1,10,8,3,0,0,0,0,0,0,1,0,0,0,0,1,0,0,0,0,0,0,0,1,1,0,0,0,0,0,0,0,0,0,1,0,0,0,0,0,0,0,0,0
0,0,1,0,0,0,0,1,0,0,7,7,11,7,9,8,2,8,7,7,0,0,0,0,0,0,0,0,0,0,1,0,0,0,0,0,0,0,0,0,0,0,0,0,0,1,0,0,0,0
1,0,1,0,0,0,0,0,0,0,0,0,0,0,0,0,0,0,0,0,16,9,5,9,5,9,14,4,8,8,0,0,0,0,0,0,0,0,0,0,0,0,0,0,0,0,0,0,1,0
0,0,0,0,0,0,0,0,0,0,1,0,0,0,0,1,0,0,0,0,0,0,0,1,0,0,0,0,2,1,2,4,10,10,13,5,8,8,8,3,0,1,0,0,0,0,0,0,0,0
0,0,0,0,0,0,0,1,0,0,0,0,0,0,0,0,0,0,0,0,0,0,1,0,0,0,1,0,0,0,0,0,0,0,0,0,0,1,1,0,7,9,11,13,8,13,9,8,9,18
10,10,10,13,6,10,6,10,11,11,0,1,0,0,0,0,0,1,0,0,0,0,0,0,0,0,0,0,0,0,0,1,0,0,0,0,0,1,1,0,1,0,1,0,0,0,0,0,0,0
1,0,0,0,0,0,0,1,0,0,6,7,6,5,12,5,7,8,10,7,0,0,0,0,0,1,1,0,0,1,0,0,0,0,0,0,0,0,0,0,0,0,0,0,0,0,0,0,0,0
0,0,0,0,0,1,0,0,0,0,0,0,0,0,0,0,0,0,0,0,9,9,10,8,7,5,6,13,21,11,0,0,0,0,1,0,0,0,1,0,0,1,0,0,0,1,1,0,1,0
0,1,0,0,0,0,1,1,0,1,0,0,0,0,0,0,0,0,0,0,0,0,0,0,0,0,0,1,0,0,6,3,10,7,10,11,12,12,11,6,0,0,0,0,0,1,1,0,0,0
0,0,1,1,0,0,1,0,0,0,0,0,0,0,0,0,0,0,0,0,0,0,0,0,0,1,0,0,0,0,0,0,0,0,0,0,0,0,0,0,14,12,13,11,10,8,9,8,11,11
6,10,3,6,8,10,10,9,7,8,0,0,0,0,0,0,0,0,0,0,0,0,1,0,0,0,0,0,0,0,0,0,0,0,0,0,0,0,0,0,0,0,0,0,0,0,0,0,0,0
0,0,0,0,0,0,0,0,0,0,6,4,4,8,11,6,5,3,8,2,0,0,0,1,0,0,0,0,0,0,0,0,0,0,0,0,0,0,0,0,0,0,0,0,0,0,0,2,0,0
0,1,0,0,0,0,0,0,0,1,0,0,0,0,0,0,0,0,0,0,17,9,4,9,11,4,9,11,13,13,0,1,0,0,0,0,0,0,0,0,0,0,0,0,0,1,0,0,0,1
0,0,0,0,0,0,0,0,0,0,0,0,0,0,0,0,0,0,0,0,0,0,0,0,0,0,1,1,0,0,9,7,5,3,7,6,7,10,9,4,0,0,0,0,0,0,0,0,0,0
2,1,1,0,0,0,0,0,0,0,1,0,0,0,0,1,0,0,0,0,0,0,0,0,0,1,0,0,0,0,0,0,0,0,0,0,0,0,0,0,8,10,14,6,6,10,6,5,13,6
14,3,6,11,5,4,13,8,6,8,0,0,0,0,0,0,0,0,0,0,0,0,0,0,0,1,0,0,0,0,0,0,0,0,0,1,0,0,0,0,0,0,1,0,0,0,0,0,0,0
0,0,1,0,0,0,1,0,0,0,8,7,3,6,4,6,5,8,4,4,0,0,0,0,0,0,1,0,0,0,0,0,0,0,0,0,0,0,0,0,0,0,1,0,0,0,0,0,0,1
0,0,0,0,0,0,0,0,0,0,0,0,0,0,0,0,0,0,0,0,13,6,11,10,10,7,8,5,4,9,0,0,0,1,0,0,0,0,0,0,0,0,1,0,0,0,0,0,0,0
1,0,1,0,0,0,0,0,0,0,0,0,0,0,0,1,0,0,0,0,2,0,1,0,0,0,0,0,0,0,5,9,5,6,6,7,12,6,6,5,1,0,0,0,0,1,0,0,0,0
1,0,0,0,0,0,0,0,0,1,0,0,0,0,0,0,0,0,2,0,0,0,0,0,0,1,0,0,0,1,0,0,0,0,0,0,0,0,0,1,13,8,10,9,10,6,9,10,15,10
4,6,10,13,9,5,6,5,6,8,0,0,0,0,0,0,0,0,1,0,0,0,0,0,0,0,0,0,1,0,0,0,0,0,0,0,0,0,0,0,0,0,0,0,0,0,0,0,0,0
1,0,1,0,0,0,0,0,0,0,8,7,8,8,10,8,10,9,4,5,0,0,0,0,0,0,1,0,0,0,0,0,0,0,0,0,0,0,0,0,1,0,0,0,0,0,0,0,0,0
0,0,0,0,0,1,0,1,1,0,0,0,0,0,0,0,0,0,0,0,7,10,12,6,8,11,14,17,7,10,0,0,0,0,0,0,1,0,1,1,0,0,0,0,0,0,0,0,0,0
0,0,0,1,1,0,0,1,0,0,0,0,0,0,0,0,0,0,0,0,0,0,0,0,0,0,1,0,0,0,8,5,6,6,8,3,12,13,9,3,0,0,0,0,1,1,0,0,0,0
0,0,0,0,0,0,0,0,0,0,0,0,1,0,0,0,0,0,1,0,0,0,0,0,0,0,0,1,0,0,0,1,0,0,0,1,0,0,0,0,17,8,7,7,8,8,6,11,8,6
8,10,7,4,9,8,5,10,9,9,0,0,0,0,0,0,1,0,0,0,0,0,0,0,0,0,0,0,0,0,0,0,0,0,0,0,0,0,0,0,0,0,0,0,0,0,0,0,0,0
0,0,0,0,0,0,0,0,1,0,4,2,10,4,4,2,9,8,10,4,0,0,0,0,0,1,0,0,0,0,0,0,0,0,1,0,0,0,0,0,0,0,0,0,0,0,0,0,0,0
0,0,0,0,0,0,0,0,0,0,0,0,0,0,0,0,0,0,0,0,9,3,16,13,14,11,8,7,9,12,0,0,0,0,0,0,0,1,0,0,0,0,0,0,0,0,1,0,0,0
0,1,0,0,0,0,0,0,1,0,0,0,0,0,0,0,0,0,0,0,0,0,0,0,0,0,0,0,0,0,9,5,9,12,5,3,10,6,6,9,0,0,0,0,0,0,0,0,0,0
0,0,0,0,1,0,0,0,0,1,0,0,0,0,0,1,0,0,0,0,0,0,0,0,0,0,0,0,0,0,0,0,0,1,0,0,0,0,1,0,11,12,12,14,9,13,12,8,10,8
10,7,6,10,6,7,8,4,7,5,0,0,0,0,0,0,0,0,0,0,0,0,0,0,0,0,0,0,0,0,0,0,1,1,0,0,0,0,0,0,0,0,0,0,0,0,0,0,0,0
0,0,0,0,0,0,0,0,0,0,5,6,5,6,6,8,8,3,7,7,0,0,0,0,0,0,0,0,0,0,0,0,0,1,0,0,0,0,0,0,0,1,0,0,0,0,1,0,0,1
0,0,1,0,0,0,0,0,0,0,0,0,0,1,0,1,0,0,0,1,11,8,8,6,9,13,6,5,11,5,0,0,0,0,0,0,0,0,0,0,0,0,0,0,0,1,0,0,1,0
0,0,0,0,0,0,0,1,0,0,0,0,0,0,0,0,0,0,0,0,0,0,0,0,0,0,0,0,0,0,6,4,9,8,10,5,11,14,6,9,0,0,0,0,0,1,0,1,0,0
0,0,0,0,0,0,0,0,0,0,0,0,0,0,0,1,0,0,0,0,0,0,0,0,0,1,1,0,0,1,0,0,1,0,1,0,0,0,0,1,7,6,6,10,10,6,7,15,17,7
7,9,9,5,8,14,6,6,6,8,0,0,0,0,1,0,0,0,0,0,0,0,0,0,0,0,0,0,0,0,0,0,0,0,0,0,0,0,0,0,0,1,0,0,0,0,0,1,0,0
0,0,0,0,0,0,0,0,0,0,6,5,7,6,7,6,7,6,7,3,0,0,0,1,0,1,0,0,0,0,0,0,0,0,0,0,1,0,0,0,0,0,0,0,0,0,0,0,0,0
0,0,0,0,0,0,0,1,1,0,0,0,0,0,0,0,0,0,0,0,11,11,2,10,7,6,13,11,8,9,0,0,0,0,0,0,0,1,0,0,0,0,0,0,0,0,0,0,0,0
0,1,0,0,0,0,0,0,0,2,0,0,0,0,0,0,0,0,0,0,0,0,0,0,0,0,0,0,0,0,5,6,10,6,8,9,7,10,11,3,0,0,0,0,0,0,0,0,0,0
0,0,1,0,0,0,0,0,0,0,0,0,1,1,1,0,0,0,0,0,0,0,0,0,0,0,0,0,0,0,0,0,0,1,0,0,0,0,0,0,7,8,16,11,14,8,7,17,9,9
7,4,6,12,14,3,9,8,6,12,0,0,0,0,1,0,0,0,0,0,0,0,1,0,0,0,0,0,0,0,1,0,0,0,0,0,0,0,1,1,0,0,0,1,0,0,1,0,0,0
0,0,1,1,1,0,1,0,0,0,3,6,4,5,2,3,7,7,5,5,0,0,0,0,0,1,0,0,0,0,0,0,1,0,0,0,0,0,0,0,0,0,0,0,0,0,1,0,0,0
0,0,0,0,0,0,0,0,0,0,1,0,1,0,1,0,0,0,0,0,10,10,6,6,11,6,6,9,5,6,0,0,0,0,0,0,0,0,0,0,0,0,0,0,0,0,0,0,0,0
1,0,0,0,0,0,0,0,0,0,0,0,0,0,0,0,0,0,0,0,0,0,0,0,0,0,0,0,0,1,9,7,4,7,9,8,9,10,6,9,0,0,0,0,0,0,0,0,0,1
0,0,0,0,0,0,0,0,0,1,0,0,0,0,0,0,0,1,0,0,0,0,0,0,0,1,0,0,0,0,1,0,0,0,0,0,0,0,0,0,11,10,14,11,6,12,7,5,12,9
7,6,7,8,10,5,12,8,6,10,0,0,0,0,0,0,1,0,0,0,0,0,0,0,0,0,0,0,1,0,0,0,0,0,0,1,0,0,0,0,0,0,1,0,0,0,0,0,0,0
0,0,0,0,0,0,0,0,0,0,6,3,7,3,6,3,4,8,7,1,0,0,0,0,0,0,1,0,0,0,0,0,0,0,0,0,0,0,0,0,0,0,0,0,0,0,0,0,0,0
0,0,0,0,0,0,0,1,0,0,0,1,0,0,0,0,0,0,0,0,3,9,18,3,9,6,6,10,11,13,0,0,0,0,0,0,0,0,0,0,0,0,0,0,0,0,0,0,0,0
0,0,0,1,0,0,0,0,0,0,0,0,0,0,0,0,0,0,0,0,0,0,0,0,0,0,0,0,0,0,9,9,5,9,7,8,9,3,6,7,0,0,0,0,0,0,0,0,0,0
0,0,0,0,0,0,1,0,0,0,0,0,0,0,0,0,0,0,0,0,0,0,0,0,0,0,0,1,0,0,0,0,0,0,0,0,0,0,0,0,7,8,11,10,9,12,12,9,7,7
10,4,12,9,5,12,10,8,9,8,0,0,0,0,0,0,1,1,0,0,0,0,0,0,0,0,1,1,0,0,0,0,0,0,0,0,0,0,1,0,0,0,0,0,0,0,0,0,0,0
0,0,0,0,1,0,0,0,0,0,9,12,10,6,6,10,3,5,12,7,0,0,0,0,0,0,0,0,0,0,0,0,0,0,1,0,0,0,0,0,0,0,0,0,0,0,0,0,0,0
0,1,0,0,2,0,0,0,0,0,0,0,0,0,0,1,0,1,0,0,9,7,5,6,5,9,8,9,11,8,1,0,0,0,0,1,0,0,0,0,0,0,0,0,1,0,0,0,0,0
0,0,0,0,0,0,0,0,0,0,0,0,0,0,0,0,0,0,0,0,0,0,0,0,0,0,0,0,0,0,6,6,5,13,6,7,7,8,5,3,0,0,0,0,1,0,0,0,0,0
0,0,0,0,1,0,0,0,2,0,0,0,0,0,0,0,0,0,0,0,0,0,0,0,0,0,0,0,0,1,0,0,0,1,1,0,0,0,0,0,7,14,10,15,11,12,6,8,9,5
13,8,11,10,9,14,8,8,4,6,0,0,0,0,0,0,0,0,0,0,0,0,0,0,0,0,0,0,0,0,0,0,0,0,0,0,0,0,0,0,0,0,0,0,0,0,0,0,0,0
0,0,0,0,0,0,0,0,0,1,4,6,5,6,10,10,3,3,3,6,1,0,0,0,0,0,0,0,0,0,0,0,0,0,0,0,0,0,0,0,0,0,0,0,0,0,0,0,0,0
1,0,0,0,0,0,0,0,0,1,0,0,0,0,0,0,0,0,0,0,8,2,13,8,4,11,8,12,6,14,0,0,0,0,0,0,0,0,0,0,0,0,0,0,0,0,0,0,0,0
0,0,0,0,0,0,0,0,0,0,0,0,0,0,0,0,0,0,0,0,0,0,0,0,0,0,0,0,0,0,7,8,12,11,9,6,10,12,8,8,0,0,0,0,0,0,0,0,0,0
1,0,0,0,0,0,0,0,0,0,0,0,0,0,0,0,1,0,0,0,0,0,0,0,0,0,1,0,0,1,0,0,0,0,0,0,0,0,0,0,9,12,10,13,5,17,14,11,8,10
13,9,9,9,6,9,10,11,4,10,0,1,0,0,0,0,0,0,0,0,0,0,0,0,0,1,0,0,0,0,0,0,0,0,0,0,0,0,0,0,0,1,0,0,0,0,0,1,0,0
0,0,1,0,1,0,0,1,0,0,7,5,5,5,10,3,8,3,9,6,0,0,0,0,0,0,0,0,0,0,0,0,0,0,0,0,0,0,0,1,0,0,0,0,1,0,0,1,0,0
0,0,0,0,0,0,0,0,0,0,0,0,1,0,0,0,0,0,0,0,11,6,10,15,10,9,8,12,9,14,0,0,0,0,0,0,0,0,0,0,0,0,0,0,0,0,0,0,0,0
0,0,1,0,0,0,1,0,0,0,0,0,0,1,0,0,0,0,0,0,0,0,0,0,0,1,1,0,0,0,8,9,4,6,8,10,6,15,11,4,0,0,0,0,0,1,0,0,0,1
0,0,0,0,0,0,0,1,0,0,0,0,0,0,0,0,1,0,0,1,0,0,0,0,0,0,0,0,0,0,0,0,0,0,0,0,0,1,1,0,11,17,7,8,15,11,8,12,12,11
10,8,7,6,4,8,5,8,6,11,0,0,0,0,1,0,1,0,0,0,0,1,1,0,0,0,0,0,0,0,0,0,0,0,0,0,0,0,0,0,0,0,0,0,0,0,0,0,1,0
0,0,0,0,0,0,0,0,1,0,3,6,7,4,6,7,7,5,10,15,0,0,0,0,0,0,0,0,0,0,0,1,0,0,0,0,0,1,0,0,0,0,0,0,0,0,0,0,0,0
0,0,0,1,0,0,0,0,0,1,0,0,1,0,0,0,0,0,0,0,9,10,9,11,11,8,15,6,11,8,0,0,0,0,1,0,0,0,0,1,0,0,0,0,0,0,1,0,0,0
0,0,0,0,0,0,0,0,0,0,0,0,0,1,1,0,0,0,0,0,0,0,0,0,1,0,0,0,0,0,4,4,5,2,11,5,7,6,16,6,0,0,0,0,1,0,1,0,0,0
0,0,1,0,0,0,0,1,0,0,0,0,0,0,0,0,0,0,0,1,0,0,1,0,0,0,0,0,0,0,0,0,0,0,0,0,0,0,0,0,10,10,9,10,12,14,15,15,11,6
12,7,8,5,6,6,11,11,6,10,0,0,0,0,0,0,0,0,0,0,0,0,0,0,0,0,0,1,0,0,0,0,0,0,0,0,0,2,0,0,0,0,1,0,0,0,0,0,0,0
0,0,0,0,0,0,0,0,0,0,9,4,8,4,7,6,6,6,4,3,0,0,0,0,0,0,0,0,0,1,0,1,0,0,0,0,1,0,0,0,0,1,0,0,0,0,0,0,0,0
1,0,0,0,0,0,1,1,0,0,0,0,0,0,0,0,0,0,0,0,9,6,11,9,8,8,9,6,8,5,0,0,1,0,0,0,0,0,0,0,0,1,0,0,0,1,0,1,0,1
0,0,0,0,0,0,0,0,0,0,0,0,1,0,0,1,0,0,0,0,0,0,0,0,0,0,0,0,0,1,4,8,10,9,10,9,7,7,9,12,0,1,0,0,0,0,0,0,0,0
0,0,0,1,0,0,0,0,0,0,0,1,0,0,0,0,1,0,0,0,0,0,0,0,0,0,0,0,1,0,0,0,0,0,0,0,0,0,0,0,14,4,6,6,8,9,9,6,3,11
8,8,8,5,9,4,10,12,10,7,0,0,0,0,0,0,0,0,1,0,0,0,0,0,0,0,0,1,1,0,0,0,1,0,0,0,0,0,0,0,0,0,1,0,0,0,0,0,0,0
0,0,0,0,0,0,0,0,0,0,8,9,9,7,5,8,4,4,3,4,0,0,1,0,0,0,1,0,0,0,0,0,0,0,0,0,0,0,0,0,0,0,0,1,1,0,0,0,0,0
0,0,0,0,0,0,0,2,1,0,0,0,0,0,0,0,0,0,0,0,9,10,11,12,8,7,16,6,8,11,0,0,0,0,0,0,0,0,1,0,0,0,0,0,0,0,2,0,0,1
0,1,0,1,0,0,0,0,0,0,0,0,0,0,0,0,0,0,0,0,0,0,0,0,0,1,0,2,0,0,5,8,5,6,3,7,7,7,10,8,0,0,0,0,0,0,0,0,0,0
0,0,0,0,0,0,0,0,0,0,0,0,0,0,0,0,0,0,0,1,0,0,1,0,0,0,0,1,0,0,0,0,0,0,0,1,0,0,0,0,14,8,7,8,10,9,8,3,13,9
5,18,4,10,9,4,10,6,7,11,0,0,0,0,0,0,1,0,0,0,0,0,0,0,0,1,1,0,1,0,1,0,0,0,0,0,0,0,0,1,0,2,0,0,0,0,0,0,0,0
0,0,0,0,0,0,0,0,0,0,7,7,10,4,3,5,10,2,10,3,0,0,0,0,0,0,1,0,0,0,0,0,0,0,0,0,0,0,0,0,0,0,2,0,0,0,1,0,0,0
0,0,0,0,0,0,2,0,0,1,0,0,0,0,0,0,0,0,2,0,10,8,13,9,10,13,7,7,7,7,0,0,0,0,0,0,0,1,0,0,0,0,0,0,0,0,0,1,0,0
0,0,0,0,0,0,1,0,0,0,1,1,0,0,0,0,0,0,0,0,1,0,0,0,0,0,0,0,0,0,6,11,12,10,9,11,10,9,4,4,0,0,0,0,0,0,0,0,0,0
0,0,0,0,0,0,0,0,0,0,0,0,0,0,0,0,0,0,0,0,1,0,0,0,0,0,0,0,0,1,0,0,0,0,0,0,0,1,0,0,4,14,14,15,7,7,7,8,8,11
9,5,8,4,12,4,6,4,7,12,1,0,0,0,0,0,0,0,0,0,0,0,0,0,0,0,0,1,0,0,0,0,1,0,0,0,0,0,0,0,0,0,0,0,0,1,0,0,0,0
0,0,0,0,0,0,0,0,0,0,8,7,7,3,9,7,5,4,9,6,0,0,1,0,0,0,0,0,0,0,0,0,0,0,0,0,0,0,0,0,0,0,0,0,0,0,0,0,0,0
0,0,0,0,1,1,0,0,0,0,0,0,0,0,0,0,0,0,0,0,10,9,8,15,8,8,5,11,11,7,0,0,0,0,0,0,0,1,0,0,0,0,0,0,0,0,0,0,0,0
2,0,0,0,0,0,0,0,0,0,0,0,0,0,0,0,0,0,0,0,0,0,0,0,0,0,0,0,0,0,4,8,3,7,6,9,6,7,9,8,0,0,0,0,1,0,0,0,0,0
0,0,0,0,0,0,0,0,0,0,0,0,0,0,0,0,0,0,0,0,0,0,0,0,0,0,0,0,0,1,0,0,0,0,0,0,0,0,1,0,11,15,5,13,5,9,8,5,7,7
8,3,7,6,4,6,11,13,10,12,0,0,0,0,0,0,0,0,0,0,0,0,0,0,0,0,0,0,0,0,0,0,0,0,0,0,0,0,0,1,0,0,1,0,0,0,0,1,0,0
0,0,0,0,0,0,1,0,0,0,10,2,4,7,5,7,5,8,12,5,0,0,0,0,0,0,0,0,0,0,0,0,0,1,0,0,0,0,0,0,0,0,0,0,0,0,0,0,0,0
0,0,0,0,0,2,0,0,0,0,0,0,0,0,0,0,0,0,0,0,10,12,13,12,8,8,6,13,4,10,0,0,1,0,0,0,0,1,0,0,0,0,0,0,0,0,0,1,0,1
0,0,0,0,0,0,0,0,0,0,0,1,0,0,0,0,0,0,0,0,1,0,0,0,1,0,0,0,0,0,10,6,5,6,7,8,8,8,10,4,0,0,0,0,0,0,0,0,0,0
0,0,0,0,0,0,0,0,0,0,0,0,0,0,0,0,0,0,0,0,0,0,2,0,0,0,0,0,0,0,0,0,0,0,0,1,0,1,0,0,14,12,10,9,9,12,12,15,9,6
8,8,8,5,9,6,8,10,8,4,1,0,0,0,0,0,0,0,0,0,0,1,0,0,0,1,0,0,0,0,0,0,0,1,0,0,1,0,0,0,0,0,0,0,0,0,0,0,0,0
0,0,0,0,0,0,0,0,0,1,6,6,10,5,6,10,3,12,9,3,0,1,0,0,0,0,0,0,0,0,0,0,0,0,0,0,0,0,0,0,1,0,0,0,0,0,0,1,1,0
0,0,0,0,0,0,0,0,1,0,0,1,0,0,0,1,0,0,0,0,9,4,11,7,10,12,7,9,7,9,0,0,0,1,0,0,0,0,0,0,0,0,0,0,0,0,0,0,0,0
0,1,0,0,0,0,2,0,0,0,0,0,1,0,0,0,0,0,0,0,0,0,0,1,0,0,0,0,0,0,8,12,8,3,4,7,6,8,8,11,0,0,0,0,0,0,0,0,0,0
0,0,0,0,0,0,0,0,0,0,0,0,0,0,0,0,0,0,0,0,0,0,0,1,0,0,2,0,0,0,0,0,0,0,0,3,0,0,0,0,10,7,5,10,18,16,7,13,12,10
8,5,5,8,11,6,4,7,7,10,1,0,0,0,0,0,0,0,0,0,0,0,0,0,0,0,1,0,0,0,1,0,0,0,0,0,0,0,0,0,0,0,0,0,0,0,0,0,0,0
0,1,0,0,0,0,0,0,0,0,5,8,5,6,7,7,12,1,3,7,0,0,0,0,0,0,0,0,0,0,0,0,0,0,0,0,0,0,0,0,0,0,0,0,0,0,0,0,0,0
0,0,0,0,0,0,0,0,0,0,0,0,0,0,0,1,0,0,0,0,7,10,12,7,15,12,10,9,10,14,0,0,0,0,1,0,0,1,0,1,0,0,0,0,0,0,0,0,1,0
0,0,0,0,0,0,1,0,0,0,0,0,1,0,1,0,0,0,0,0,0,0,0,0,0,0,0,0,1,0,7,10,7,4,9,7,9,7,7,8,0,0,0,0,0,0,0,0,0,0
2,0,0,0,0,0,0,0,0,0,0,0,0,0,0,0,0,0,0,0,0,0,0,0,0,0,0,0,0,0,0,0,0,0,0,1,0,0,0,0,5,11,10,8,13,12,11,6,10,10
10,9,9,10,6,8,3,4,10,9,0,0,0,0,0,0,0,0,1,0,0,0,0,0,0,1,0,0,0,0,0,0,0,0,0,0,0,0,0,0,0,0,0,0,0,0,0,0,0,0
0,0,0,0,0,1,0,0,0,0,5,6,2,7,7,7,10,4,8,7,0,0,0,0,0,0,0,0,0,0,0,0,0,0,0,0,1,0,0,0,0,0,0,0,0,0,0,0,0,0
0,0,0,0,0,0,0,0,0,1,0,0,0,0,0,0,1,0,0,1,6,6,11,4,11,9,5,11,5,8,0,0,1,0,0,0,1,0,0,1,0,0,0,0,0,0,1,0,0,0
0,0,1,0,0,0,0,0,0,0,0,0,0,0,1,0,0,0,0,0,0,0,0,0,0,0,0,0,0,0,7,10,10,10,6,6,7,11,7,9,0,0,0,1,1,0,0,0,0,0
0,0,0,0,0,0,0,0,0,0,0,0,0,0,0,1,0,0,0,0,1,0,0,0,0,0,0,0,0,0,0,0,0,0,0,0,0,0,0,0,13,6,8,9,8,9,5,10,3,8
6,6,6,7,9,6,6,7,11,6,0,0,0,0,1,2,0,0,0,0,0,0,0,0,0,0,1,0,0,0,0,0,0,0,0,0,0,0,0,0,0,1,0,0,0,0,0,0,0,0
0,0,0,0,0,1,0,0,0,0,5,7,5,9,6,3,5,9,6,3,0,1,1,0,0,0,0,0,0,1,0,0,0,0,0,1,0,0,0,0,1,0,0,0,1,0,0,0,0,0
1,0,1,1,0,0,0,0,0,0,0,0,0,0,0,0,0,1,0,0,11,7,15,11,8,5,13,10,8,4,0,0,0,0,0,0,0,0,0,0,0,0,0,0,0,0,0,1,0,0
0,0,0,0,0,0,0,0,0,1,0,1,0,1,0,0,0,0,0,0,0,0,0,0,0,0,0,0,0,0,6,10,6,8,10,10,17,7,7,6,0,0,0,0,0,0,0,0,0,0
0,0,1,0,0,0,0,0,2,0,0,0,0,0,0,0,0,1,0,0,0,0,0,0,0,0,0,0,0,0,0,0,0,0,0,0,0,0,0,0,14,6,14,6,8,9,10,18,12,9
5,8,6,6,6,7,8,5,4,3,0,1,0,1,0,0,0,0,0,0,0,0,0,0,0,0,1,0,0,0,0,0,0,0,0,1,0,0,0,0,0,1,0,0,0,0,0,0,0,1
0,0,0,0,0,0,0,0,0,0,8,5,7,5,6,2,5,6,6,7,1,0,0,0,0,0,0,0,0,0,0,0,0,1,0,0,1,0,0,0,0,0,0,0,0,0,0,0,0,0
0,0,0,0,0,0,0,0,0,1,1,0,0,0,0,2,0,0,0,0,9,4,6,6,6,7,9,16,5,8,0,0,0,0,0,0,0,0,0,0,0,0,0,0,0,0,0,0,0,0
0,0,0,0,0,0,0,0,0,1,0,0,0,1,0,1,0,0,0,0,0,0,0,1,1,0,1,0,0,0,6,8,7,4,5,8,4,4,5,3,0,0,0,0,0,1,1,0,0,0
0,1,0,0,0,0,0,0,0,0,0,0,0,0,0,0,0,0,0,0,1,0,0,0,0,0,0,0,0,0,0,1,0,0,0,0,0,0,1,0,8,8,8,10,10,10,10,9,16,9
8,4,8,5,11,9,4,10,7,11,0,0,1,0,0,0,0,0,0,1,0,0,0,0,0,1,0,0,0,0,0,0,0,0,0,0,0,0,0,0,0,0,0,0,0,0,0,0,0,0
0,0,0,0,0,0,0,0,0,0,7,6,3,4,7,1,4,7,4,6,0,0,0,0,0,0,0,0,0,0,0,0,0,0,0,0,0,0,0,0,0,1,1,0,0,0,0,0,0,0
0,0,0,0,0,1,0,0,0,1,0,0,0,0,0,0,1,0,0,0,9,10,7,7,8,13,7,11,7,12,1,0,0,0,0,1,0,0,1,1,0,0,0,0,0,0,1,0,0,0
0,0,0,0,0,0,0,1,0,0,0,0,0,0,1,0,0,0,0,0,1,0,0,0,0,0,0,0,0,0,6,7,6,6,5,7,6,8,2,4,0,0,0,0,0,0,0,0,0,0
0,0,0,0,0,0,0,0,0,0,1,0,0,0,0,0,0,0,0,0,0,0,0,0,0,0,0,0,1,0,0,0,0,1,0,0,0,0,1,0,11,10,7,8,9,9,11,18,7,6
4,5,7,6,7,11,8,15,12,10,0,0,0,0,0,0,0,0,1,1,0,0,0,0,1,0,0,0,0,0,0,0,0,0,2,0,1,0,1,0,0,0,0,0,0,0,0,0,0,0
0,0,0,0,0,0,0,0,0,0,4,4,6,8,3,3,5,7,4,5,0,0,0,0,0,1,0,0,0,0,1,0,0,0,0,0,0,0,0,0,0,1,0,0,0,0,0,0,0,0
0,0,0,0,0,0,0,0,0,0,0,1,0,0,0,0,0,0,0,0,10,17,12,11,13,15,10,9,11,10,1,0,0,1,0,0,0,0,0,0,0,0,0,0,0,1,0,0,0,1
0,0,0,0,0,0,0,0,0,0,0,0,0,0,0,0,0,0,0,0,0,0,0,0,0,1,0,0,0,0,2,8,9,6,9,5,9,17,7,4,0,0,0,0,0,0,0,0,0,0
0,0,0,0,0,0,0,0,0,0,1,0,0,0,0,0,0,0,0,0,0,0,1,0,0,0,0,0,0,0,0,0,0,1,0,0,0,0,1,0,9,9,10,7,11,13,7,8,8,15
9,5,8,9,6,8,7,7,12,8,0,0,0,0,1,0,0,0,1,0,0,0,0,0,0,1,0,0,0,0,0,0,0,0,0,0,0,0,0,1,0,0,0,0,0,0,0,0,0,0
1,0,0,0,0,0,1,0,1,0,5,7,7,8,10,5,4,9,6,5,0,0,0,0,0,0,0,0,0,0,0,0,0,0,0,0,0,0,0,0,0,0,1,0,0,1,0,0,0,0
0,1,0,0,0,1,0,0,0,1,0,0,0,0,0,0,0,0,1,0,12,10,11,7,10,7,6,4,7,8,0,0,1,0,0,0,0,0,0,0,1,0,0,0,0,0,0,0,0,0
0,0,0,0,0,0,0,0,0,0,0,0,0,0,0,0,0,0,0,0,0,1,0,0,0,0,0,0,0,0,5,9,5,5,3,8,10,7,7,8,0,0,0,0,0,0,0,0,0,0
0,0,1,0,0,0,0,0,0,0,0,0,0,0,0,0,0,0,1,0,0,0,0,0,0,0,0,0,0,0,0,0,0,0,0,0,0,0,0,0,12,8,4,12,9,9,9,9,8,8
9,5,6,10,8,8,6,6,5,3,0,0,0,0,0,0,0,0,0,0,1,0,0,0,0,0,0,0,0,0,0,0,0,0,0,0,0,0,0,0,0,0,0,0,0,0,0,0,0,0
0,0,0,0,0,0,0,0,0,0,8,13,5,3,3,4,2,7,6,6,0,1,0,0,0,0,0,1,0,0,0,0,0,0,0,0,0,0,0,0,0,0,0,1,0,0,0,0,0,0
0,0,0,1,1,0,0,0,0,0,0,1,0,0,0,0,0,0,0,0,8,6,5,9,8,7,3,6,6,12,0,0,0,0,0,0,0,0,0,0,0,1,1,0,0,0,0,0,0,0
0,0,0,0,0,0,0,0,1,1,0,0,0,0,0,0,1,0,0,0,0,0,0,0,0,0,0,0,0,0,9,6,12,7,10,6,7,11,9,6,0,0,0,0,0,0,0,0,0,0
0,0,0,0,0,0,0,0,0,0,0,0,0,0,0,0,0,0,0,0,0,0,0,0,1,0,0,0,0,0,0,0,0,0,0,0,0,1,0,0,6,8,8,14,11,8,12,10,4,9
7,4,8,12,9,7,14,9,11,6,0,0,1,0,0,0,0,0,0,0,0,0,0,0,0,0,0,0,0,0,1,0,0,0,0,0,1,0,1,0,0,0,0,0,1,0,0,0,0,0
0,0,0,0,0,0,0,0,0,0,6,8,5,7,6,9,13,5,6,5,0,0,0,0,0,0,0,0,0,0,0,0,0,0,0,0,0,0,0,0,0,0,0,0,0,0,0,0,1,0
0,0,0,0,0,0,0,0,0,1,0,0,0,1,0,0,0,0,0,0,9,11,3,8,7,10,6,8,14,10,0,0,0,0,0,1,0,0,0,0,0,0,1,0,0,0,0,1,0,0
0,0,0,0,0,0,0,0,0,0,0,0,0,0,0,0,0,0,0,1,0,0,0,1,1,0,1,0,0,0,4,11,3,9,5,9,9,9,15,7,1,0,0,0,0,0,0,0,0,0
0,0,0,0,0,0,0,0,0,2,0,1,0,0,0,0,0,0,0,0,0,0,0,1,0,0,0,0,1,1,0,0,2,0,0,0,0,0,0,0,9,11,15,7,4,11,8,16,8,8
3,15,6,6,11,5,9,8,11,5,0,0,0,0,0,0,0,0,0,0,0,1,0,0,0,0,0,0,0,0,0,0,1,0,0,0,0,0,0,0,0,0,0,1,0,0,0,0,0,0
0,0,0,0,0,0,0,0,0,0,4,10,4,8,6,6,1,5,3,4,0,0,0,0,1,0,0,0,0,0,0,0,0,1,0,0,1,1,0,0,0,0,0,0,0,0,0,0,0,0
1,0,0,0,0,0,0,0,0,0,0,0,1,0,0,0,1,0,0,1,9,11,13,15,11,14,9,12,15,6,0,0,0,0,0,0,0,0,0,0,0,0,0,0,0,0,0,0,0,0
0,0,0,0,0,1,0,0,0,0,0,0,0,0,0,0,0,0,0,0,0,0,0,0,0,0,1,0,0,0,7,3,9,10,7,10,7,6,4,7,0,0,0,0,0,1,0,0,0,0
0,0,0,0,0,0,0,0,0,0,0,1,0,0,0,0,0,1,0,0,0,0,0,0,0,0,0,1,0,0,0,0,0,0,0,0,0,0,0,0,10,8,9,6,8,14,9,7,10,8
9,10,6,8,8,12,10,8,8,8,0,0,0,0,0,0,0,0,0,0,0,0,0,0,0,0,0,0,0,0,0,1,0,0,0,1,0,0,0,0,0,0,0,0,0,0,0,0,0,0
0,0,0,0,0,0,0,0,0,0,6,5,5,10,8,3,5,10,5,2,0,1,0,1,0,0,1,0,0,0,0,0,0,0,0,1,1,0,0,0,0,0,0,0,0,0,0,0,0,0
0,0,0,0,0,1,0,0,0,0,1,0,0,0,1,0,0,0,0,0,10,10,8,4,7,9,14,9,6,7,0,0,0,0,0,0,0,0,0,0,0,1,0,0,0,0,0,0,0,0
0,0,0,0,0,0,0,0,0,0,0,0,0,0,0,0,0,0,0,1,0,0,0,0,0,0,0,1,0,0,9,7,4,10,8,4,7,14,2,5,0,1,0,0,0,0,0,0,0,0
1,0,0,0,0,1,0,0,0,0,0,0,1,0,0,1,0,0,0,0,0,0,0,1,0,0,0,0,0,0,0,0,0,0,0,0,0,0,1,0,12,13,18,10,15,16,9,11,8,11
6,4,8,8,5,9,12,9,5,1,0,1,0,0,0,0,0,0,0,1,0,0,0,0,0,0,0,0,0,0,1,0,0,0,0,0,0,0,0,0,0,0,0,0,0,0,0,0,0,0
0,0,0,0,0,0,0,0,0,0,8,6,11,5,7,4,7,7,9,4,0,0,0,0,0,0,0,0,0,0,0,0,0,0,0,0,0,0,0,0,0,0,0,1,0,0,0,0,0,0
0,0,0,0,1,0,0,0,0,1,0,0,1,0,0,0,2,0,0,0,8,9,5,3,8,6,16,16,13,8,0,1,0,0,0,0,0,0,0,0,0,0,0,0,0,0,0,0,0,0
0,0,0,0,0,0,1,0,0,0,0,0,0,0,0,0,0,0,0,0,1,0,0,0,0,0,1,0,0,0,5,6,7,5,10,5,7,10,11,3,0,1,0,0,0,0,0,0,0,0
1,0,0,0,0,0,0,0,0,1,0,0,0,0,0,0,0,0,1,0,0,1,0,0,0,0,0,0,0,0,0,0,0,0,0,1,0,0,0,0,6,7,9,8,7,8,10,8,14,7
11,6,4,7,7,8,11,11,10,3,0,1,0,0,0,0,0,1,0,0,0,0,0,0,0,0,0,0,0,0,0,0,0,1,0,0,0,0,0,0,0,0,0,0,0,0,1,0,1,0
0,0,1,0,0,0,0,0,0,1,3,7,8,7,5,6,7,7,6,8,0,0,0,0,0,0,0,0,0,0,0,0,0,0,0,0,0,0,0,0,0,0,0,0,0,0,0,0,0,0
0,0,0,0,0,0,0,0,0,0,0,1,0,0,0,0,0,0,0,0,11,7,7,5,5,4,8,9,6,16,0,0,1,0,0,1,0,0,0,0,0,0,0,0,0,0,0,0,1,0
0,0,0,0,1,0,0,0,0,0,0,0,0,0,0,0,0,1,0,0,0,0,0,0,1,0,0,0,0,0,5,5,6,8,4,5,6,11,6,5,0,1,0,0,0,0,0,0,0,0
0,0,0,0,0,1,0,1,0,0,0,0,0,0,0,0,0,0,0,0,0,0,1,0,0,0,0,0,1,0,1,0,0,1,0,0,0,0,0,0,11,9,9,7,7,6,16,6,14,8
5,4,9,8,8,15,11,6,9,7,0,0,0,0,0,0,0,1,1,0,0,1,0,0,0,0,0,0,0,0,0,0,0,0,0,0,0,0,0,0,0,0,0,0,1,1,0,1,1,0
0,0,0,0,0,0,0,0,0,0,12,8,5,4,7,3,13,6,4,5,0,0,0,0,1,0,0,0,0,0,0,0,0,0,0,0,0,0,0,0,0,0,0,0,0,0,0,0,1,0
0,0,0,0,0,0,0,0,0,0,0,0,0,0,0,0,0,0,0,0,16,8,11,6,5,6,9,6,13,11,1,0,0,0,0,1,0,0,1,0,0,0,0,0,0,0,0,0,0,0
0,0,0,1,0,0,1,0,0,0,0,0,1,0,0,0,0,0,0,0,0,0,0,0,0,1,0,0,0,0,9,7,9,10,12,7,6,9,7,10,0,0,0,0,0,0,0,0,1,0
0,0,0,0,0,1,0,0,0,0,0,0,0,0,0,1,0,0,0,0,0,0,1,0,0,0,0,0,0,0,0,0,0,0,0,0,0,0,0,0,9,7,11,11,8,11,7,10,11,13
6,11,9,8,7,7,7,9,7,10,0,0,0,0,0,0,1,0,0,0,1,1,0,0,0,0,0,0,0,0,0,0,0,0,0,0,0,0,0,0,0,0,0,1,0,0,0,0,1,0
0,0,0,0,0,0,0,0,0,0,4,7,11,0,6,5,9,10,9,6,0,0,0,0,0,0,0,0,0,0,0,0,0,0,0,0,0,0,0,0,0,0,0,0,0,1,1,0,0,0
0,0,0,0,0,0,1,0,0,0,0,0,0,0,0,1,0,0,0,0,12,7,10,8,11,10,10,8,9,11,1,0,0,0,0,1,1,1,0,0,0,0,0,0,0,1,0,0,0,0
0,0,0,0,0,0,0,0,0,0,0,0,0,0,0,0,0,0,0,0,0,0,0,0,0,0,0,0,0,0,12,12,16,7,3,10,4,6,4,13,0,1,0,0,0,0,0,0,1,0
0,0,1,1,0,1,0,1,0,0,0,0,0,0,0,0,0,1,0,0,0,0,1,0,0,0,0,0,0,0,0,0,0,0,0,0,0,0,0,0,7,19,12,8,9,9,7,8,12,10
7,2,8,8,11,9,6,5,7,7,0,0,0,1,0,0,0,0,1,0,1,0,0,0,0,0,0,0,0,0,0,0,0,0,0,0,0,0,0,0,0,1,0,0,0,0,0,0,0,0
0,0,0,0,0,0,0,0,0,0,4,4,8,7,5,8,7,6,4,5,0,0,0,0,0,0,0,0,0,0,0,0,0,0,0,0,0,0,0,0,0,0,0,0,0,0,0,0,0,0
1,0,1,0,0,0,0,0,0,0,0,0,0,0,0,0,0,0,0,0,6,7,10,10,13,4,12,12,8,6,1,1,0,0,2,0,0,1,1,1,0,0,0,0,0,0,0,0,0,0
0,0,0,0,0,0,0,0,0,0,0,0,0,0,0,0,1,0,0,0,0,0,0,0,0,1,0,0,0,0,3,5,12,5,8,8,6,14,4,3,0,0,0,0,0,0,0,1,1,0
0,0,0,0,0,0,0,0,0,0,0,1,0,0,0,0,0,0,0,0,1,0,1,1,0,0,0,0,0,0,0,0,1,0,0,0,0,0,0,0,11,6,8,7,8,12,10,11,11,12
10,4,7,9,10,11,11,4,7,6,0,0,0,0,0,0,0,0,0,1,0,0,0,0,1,0,0,0,0,0,0,0,1,0,0,0,0,0,0,0,0,0,0,0,0,0,0,0,0,1
0,0,0,0,0,0,0,1,0,0,10,8,7,8,3,9,8,12,5,7,0,0,0,0,0,0,0,0,0,0,0,0,0,0,0,0,0,0,0,1,1,0,0,0,0,0,0,0,0,0
0,0,0,0,0,0,0,0,0,0,0,0,0,0,0,0,0,0,1,0,13,8,8,9,5,11,8,12,9,12,0,0,0,0,0,0,0,0,0,1,0,0,0,0,0,0,0,0,0,0
0,0,0,0,0,0,1,0,0,1,0,0,0,0,0,0,0,0,0,0,0,0,0,0,1,0,0,0,0,0,6,7,10,8,4,7,5,4,6,8,0,0,0,0,0,0,0,0,0,0
0,0,0,1,0,0,0,0,0,0,1,0,0,0,0,0,0,0,0,0,0,0,0,1,0,0,0,0,1,0,1,0,0,0,0,0,0,0,1,0,8,5,9,6,11,3,10,8,14,9
8,6,10,8,8,6,12,9,11,7,1,0,0,0,0,0,0,0,0,0,0,1,0,0,0,0,0,0,0,0,0,0,0,0,0,0,0,0,0,0,0,0,0,1,0,0,0,0,0,0
0,0,0,0,0,0,0,1,1,0,10,10,5,6,9,5,12,7,7,9,0,0,1,1,0,0,0,0,0,0,0,0,0,0,0,0,0,0,0,0,0,0,0,0,0,0,0,0,0,0
0,0,1,0,0,0,0,0,0,0,0,0,0,0,0,0,0,0,0,0,10,9,13,11,6,7,10,8,9,7,0,0,0,0,0,0,0,0,0,0,0,0,0,0,0,0,0,0,0,0
0,0,0,0,0,0,0,1,0,0,1,0,0,0,0,0,0,0,0,0,0,0,0,0,0,0,0,0,0,0,10,6,9,11,7,9,4,7,7,3,0,0,0,0,0,0,0,0,0,1
0,0,0,0,0,0,1,0,0,0,0,0,0,1,0,0,0,1,0,0,0,0,0,0,0,0,0,0,0,0,0,0,0,0,0,0,1,0,0,0,9,17,17,3,11,6,13,6,15,9
8,6,8,10,8,9,9,9,8,14,0,0,0,0,0,0,0,0,0,0,0,0,0,0,0,0,0,1,0,1,0,0,0,0,0,0,0,0,0,0,0,0,0,0,0,0,0,0,0,0
0,0,0,0,0,0,0,0,0,0,9,5,3,10,4,9,9,3,5,8,0,0,0,0,0,0,1,0,0,0,0,0,0,0,0,0,1,0,0,0,0,0,0,0,0,0,0,0,0,0
0,0,0,0,0,0,0,0,0,0,0,0,0,1,0,0,0,0,0,0,9,7,12,8,7,12,11,12,7,11,0,1,0,0,0,1,0,0,0,0,0,1,1,0,1,0,0,0,0,1
0,0,0,0,1,0,0,1,0,0,0,0,0,0,0,0,0,1,0,0,0,0,0,1,0,1,0,1,0,0,8,9,6,6,11,5,9,8,6,6,0,0,0,0,0,0,0,1,0,0
0,0,0,0,0,0,0,0,1,0,0,0,0,0,0,0,0,0,0,0,0,0,0,0,0,1,0,0,1,0,0,0,0,0,0,0,0,1,0,0,12,16,10,8,14,6,16,6,5,5
0,0,0,0,1,0,0,0,0,1,1,1,2,0,0,1,0,0,2,0,0,0,1,1,1,0,0,2,0,0,2,0,0,1,3,2,1,1,3,0,1,0,1,1,0,0,0,0,1,0
0,0,0,0,0,0,0,0,0,0,0,0,1,1,0,3,1,0,1,1,0,2,1,1,1,0,2,2,0,3,0,0,2,0,0,1,0,1,1,1,0,2,1,0,0,0,1,1,2,0
0,1,0,1,0,1,0,1,0,0,0,0,0,1,0,0,0,1,0,0,0,0,0,1,0,1,0,1,0,0,0,0,2,0,0,1,4,1,0,0,0,0,0,0,0,0,0,1,0,1
0,0,0,0,0,0,0,1,0,1,1,0,0,0,0,1,0,0,0,0,0,0,0,0,2,1,0,1,0,1,0,0,0,1,0,1,0,0,0,0,1,1,0,1,0,0,1,0,1,1
0,0,0,0,0,0,0,0,0,0,0,0,0,0,0,0,1,0,0,0,1,1,0,0,1,0,1,0,2,1,0,0,0,0,0,0,0,1,0,0,1,3,1,1,1,2,1,0,2,1
1,0,0,0,1,0,0,0,2,0,0,0,1,0,0,0,0,0,0,0,1,1,0,1,0,4,2,0,3,1,1,0,0,1,0,0,0,0,0,0,0,0,1,0,0,0,0,0,0,0
1,0,0,1,0,0,0,0,1,0,0,1,0,1,0,0,0,0,0,0,1,0,0,1,1,2,1,1,2,0,0,0,1,0,1,1,0,0,1,1,2,0,0,0,0,0,0,1,0,1
1,1,0,0,0,1,0,0,0,0,0,1,0,2,0,1,1,0,0,0,0,0,1,0,3,2,2,1,0,0,0,0,1,2,0,0,0,0,1,2,0,3,0,1,0,1,0,0,3,0
0,0,0,0,0,0,1,0,0,0,0,0,1,1,2,2,1,0,1,0,1,0,0,0,0,1,1,0,1,0,0,0,0,1,0,0,0,4,0,0,3,0,0,0,0,0,0,2,0,0
2,2,0,0,0,0,1,1,0,2,1,1,1,0,1,0,0,0,1,0,0,0,0,1,0,0,0,2,0,1,1,0,0,0,1,0,0,0,0,0,0,0,1,0,1,0,0,0,0,0
0,0,1,1,2,1,4,1,1,0,1,0,1,0,0,1,1,0,0,1,2,0,0,0,0,0,0,0,0,0,0,0,0,1,0,2,1,0,0,0,0,0,0,1,0,0,1,2,2,0
1,0,0,1,0,0,0,0,0,0,0,0,0,0,0,1,0,0,0,0,0,1,1,1,0,0,0,0,3,0,0,0,0,0,0,0,0,1,0,0,1,2,0,0,2,0,2,2,1,0
0,0,2,0,0,0,0,1,1,0,0,0,0,0,0,0,0,0,0,0,0,1,1,0,0,2,0,0,0,0,0,0,1,0,1,1,0,0,0,0,0,0,0,0,0,1,0,0,0,0
1,0,0,1,0,2,0,2,0,2,0,0,1,0,0,1,1,0,0,0,0,0,0,0,0,0,1,0,0,0,1,1,0,0,1,0,0,0,0,0,0,0,1,1,1,0,1,0,0,0
1,0,2,1,0,0,0,0,1,0,0,1,0,0,0,0,0,1,0,1,1,0,1,0,0,0,0,0,1,1,0,1,0,1,0,0,0,0,0,0,0,0,0,0,0,0,0,0,1,0
0,1,0,0,0,0,0,0,0,0,0,1,0,0,0,0,0,1,0,0,1,1,4,1,3,0,2,0,2,0,1,2,2,1,1,0,4,0,0,1,0,0,1,0,0,0,1,0,0,0
0,0,0,1,0,0,0,0,0,0,0,0,1,0,0,1,0,0,0,0,0,2,2,2,1,1,3,0,0,3,0,0,1,0,0,0,2,2,0,0,0,0,1,0,1,1,1,0,0,0
4,0,0,1,1,3,1,0,1,3,1,1,0,1,0,1,0,0,1,0,0,0,0,0,0,0,0,0,1,0,2,1,0,0,1,0,0,0,1,0,0,0,0,0,0,0,1,0,1,0
0,2,1,1,0,1,0,2,1,1,0,0,0,0,1,0,0,0,0,1,1,0,1,0,2,1,0,3,0,4,0,0,0,1,0,0,0,0,0,0,0,1,0,0,0,1,1,2,0,1
0,0,0,0,1,0,0,0,0,0,0,1,0,1,0,1,2,0,0,0,0,0,0,0,0,0,0,0,0,0,0,0,0,0,1,0,0,1,0,1,0,1,1,0,0,1,2,0,1,1
0,1,0,0,0,0,1,0,0,0,0,0,0,0,0,0,0,0,0,0,0,0,1,2,0,0,0,0,0,0,2,1,1,0,1,0,0,0,0,1,0,0,0,0,1,1,0,0,0,1
0,0,0,0,0,0,0,0,1,0,0,1,0,0,0,1,0,1,0,0,0,0,1,0,0,0,0,0,0,0,1,0,1,0,0,0,0,1,0,0,0,2,1,0,2,1,0,2,1,1
1,0,0,0,1,0,1,1,0,0,1,0,1,1,0,3,0,0,1,2,0,1,1,0,1,0,2,0,0,1,0,3,1,0,0,2,2,0,0,0,0,2,3,0,1,1,2,0,1,1
1,1,1,0,0,0,0,0,0,0,0,0,0,0,0,0,1,1,0,0,1,1,0,1,1,1,3,2,2,1,0,3,2,3,1,2,1,0,0,5,2,0,0,0,0,0,1,0,1,0
0,1,2,3,2,2,0,1,0,1,0,0,0,0,0,0,0,0,0,0,0,0,0,0,0,1,1,1,0,0,0,0,0,1,0,0,0,0,0,0,1,0,0,0,0,0,1,1,1,1
2,1,0,0,1,0,1,1,0,0,0,0,0,0,0,0,0,0,2,0,1,0,0,0,0,1,0,0,0,1,0,0,2,0,0,1,1,0,1,0,0,0,1,1,1,1,0,0,0,1
0,0,0,0,1,0,0,0,0,0,0,1,0,0,0,0,0,0,0,0,0,0,0,0,0,0,0,0,0,0,0,0,0,0,1,0,0,0,1,2,1,2,2,2,1,0,1,0,3,1
0,0,0,1,0,0,0,0,0,0,0,2,1,0,1,0,2,0,0,0,0,0,0,0,0,0,0,0,0,0,1,1,1,0,1,0,1,1,0,1,0,1,0,0,1,0,0,0,1,0
0,0,0,0,0,0,0,0,1,0,0,0,0,0,0,1,1,0,1,0,0,3,2,1,3,1,2,1,2,1,1,0,2,1,0,0,1,0,0,0,1,0,0,0,0,0,0,1,0,0
0,0,1,2,1,1,0,2,0,0,0,0,0,0,0,0,0,0,0,0,1,1,0,2,0,0,0,1,0,0,1,2,0,2,0,0,0,0,2,0,0,1,1,0,1,1,0,1,0,3
2,1,2,0,2,0,0,1,1,0,0,2,0,1,1,0,1,0,0,2,0,2,1,0,1,0,2,0,0,1,0,0,1,0,1,1,3,0,1,1,1,3,1,0,2,1,0,1,1,0
0,0,1,0,0,0,0,0,0,0,0,1,1,0,1,2,0,0,1,1,0,0,0,1,0,0,0,0,0,0,0,0,0,1,0,1,0,0,0,0,0,0,1,0,1,1,0,0,0,0
0,0,1,0,0,0,1,0,0,0,0,0,1,0,1,0,0,0,0,0,1,2,0,0,0,0,2,0,0,0,0,0,0,1,0,1,0,0,0,0,0,1,0,0,0,1,1,0,0,0
1,0,0,0,0,0,1,2,0,3,0,0,0,0,0,0,0,0,0,1,1,0,0,0,0,1,0,0,1,0,0,1,0,1,0,2,0,0,1,0,0,0,1,1,1,0,0,0,0,0
0,0,0,0,0,1,0,0,0,1,0,0,0,3,0,0,1,0,0,1,0,1,1,1,0,0,0,1,0,1,0,0,0,1,0,0,1,1,0,0,0,0,0,0,0,1,0,0,0,0
1,1,2,0,0,0,1,0,0,1,0,0,0,0,0,0,0,0,0,0,0,0,0,0,0,1,1,0,1,2,0,1,1,2,0,1,0,0,2,1,3,1,1,1,0,0,1,0,1,0
0,1,1,0,1,0,0,1,4,1,1,2,0,0,0,0,0,0,0,0,0,0,1,0,1,2,0,0,1,0,0,0,0,1,0,0,2,0,1,1,1,1,1,0,0,0,0,1,0,0
0,0,0,1,0,1,1,0,2,1,2,1,1,0,1,0,1,1,1,4,0,2,0,1,0,0,0,1,1,0,0,1,0,0,0,1,0,0,0,1,1,0,0,1,1,1,0,0,1,1
0,0,0,0,0,2,1,0,0,0,0,0,0,0,0,0,0,1,0,0,0,0,1,1,2,0,0,1,0,0,0,0,0,0,0,1,0,0,2,1,1,0,1,0,0,1,0,1,0,0
0,0,0,1,2,3,0,0,1,0,0,0,0,0,0,0,0,0,0,0,1,0,0,0,2,2,2,0,0,0,0,0,0,0,0,0,0,0,0,0,2,0,0,0,1,2,2,0,1,0
0,0,0,1,0,0,1,1,0,0,3,0,0,0,1,1,0,1,0,0,0,1,1,0,0,0,0,0,0,1,1,1,1,2,0,2,2,1,1,0,0,1,0,1,0,1,0,1,0,0
1,0,1,1,1,1,0,0,0,0,0,1,1,0,0,0,0,0,0,0,0,0,0,0,0,1,0,2,0,0,3,2,2,1,0,2,1,0,0,0,0,0,0,0,0,0,0,0,0,0
0,1,1,0,2,0,0,0,1,1,0,1,1,2,0,1,0,1,0,0,0,0,1,0,0,0,1,1,0,0,2,1,0,0,0,0,1,1,0,2,0,0,0,1,0,0,0,1,0,0
0,1,0,0,0,0,0,0,0,0,0,0,0,0,0,1,0,0,1,0,0,0,1,0,0,0,0,0,1,1,1,0,0,0,1,0,0,0,1,0,0,1,0,0,0,1,1,1,1,1
0,1,0,0,2,2,0,1,1,0,0,0,0,0,0,0,0,1,1,2,2,3,1,1,1,1,2,0,0,1,0,0,0,1,1,1,0,0,0,0,1,1,0,0,0,0,1,0,0,0
0,0,0,0,0,0,0,0,1,0,0,0,1,0,0,0,0,0,0,1,0,3,4,0,1,0,0,1,2,3,2,0,0,0,0,0,0,0,0,0,1,0,0,2,0,0,2,0,0,0
0,0,1,0,0,0,0,0,0,1,0,0,0,1,0,1,0,0,0,0,0,3,0,0,1,0,2,0,1,2,0,0,0,1,0,0,1,0,0,0,0,1,0,0,0,0,1,0,1,0
0,0,0,0,0,0,0,1,0,0,1,0,0,0,1,0,0,0,0,0,0,0,0,0,1,0,1,1,0,1,0,0,2,0,1,2,2,0,1,1,1,0,1,1,0,3,0,2,0,0
0,0,0,0,0,0,0,0,1,1,1,0,0,0,1,0,0,0,0,0,0,0,0,2,2,0,0,0,2,1,1,0,0,0,0,0,0,0,0,1,1,0,0,1,1,2,2,0,0,0
1,1,0,0,0,2,0,1,1,1,0,1,0,0,0,1,0,0,0,0,0,1,0,0,0,0,0,0,0,1,0,0,0,0,0,1,0,0,0,0,2,1,0,1,1,0,0,2,0,1
0,0,1,0,1,0,0,0,1,2,0,0,0,0,0,0,0,1,0,0,0,0,0,1,0,0,0,0,0,1,1,1,0,3,0,0,1,1,1,0,1,1,0,0,0,0,0,0,0,0
2,3,1,0,0,0,0,1,1,3,1,5,0,1,1,0,0,0,1,2,0,0,0,0,0,0,1,1,1,0,1,1,1,0,0,0,0,0,0,0,1,1,5,0,1,0,1,0,0,1
0,1,1,1,1,0,1,0,1,2,0,1,0,0,2,2,1,0,1,0,0,2,1,0,0,1,0,0,0,0,0,1,0,0,1,2,0,0,1,1,0,0,0,0,0,0,0,0,1,0
1,0,0,1,0,0,1,0,0,0,0,0,1,0,0,0,0,0,0,0,1,2,1,0,2,0,0,1,1,1,0,0,0,0,1,0,0,0,0,0,0,0,0,1,0,0,0,0,1,0
0,0,0,0,0,0,0,0,0,0,0,0,0,0,0,0,1,0,0,1,0,0,1,0,0,0,0,0,1,1,2,2,1,1,0,2,2,0,2,0,0,0,0,0,0,0,0,0,0,0
0,0,0,0,0,0,0,0,0,0,0,0,0,0,0,0,0,0,3,0,1,0,0,1,0,0,0,0,0,1,0,0,1,0,0,0,1,1,0,0,1,0,0,0,0,1,0,0,1,2
0,1,1,2,0,0,0,0,0,0,1,1,0,1,1,0,1,0,0,0,1,0,0,0,0,0,1,0,1,0,1,0,1,0,0,1,0,0,0,1,0,0,1,0,0,2,0,0,1,1
0,1,1,0,0,0,0,0,1,0,0,0,0,2,0,0,0,0,1,1,0,0,0,1,0,0,1,0,0,1,0,0,0,0,1,0,1,1,1,1,0,0,1,0,0,0,0,0,0,0
1,1,0,0,0,0,0,0,0,0,0,1,0,2,0,1,3,1,0,0,0,0,1,1,1,0,0,2,2,0,0,0,0,0,0,0,0,2,0,1,0,2,0,1,2,1,1,0,0,0
1,1,1,0,1,1,2,3,1,2,0,1,0,0,0,0,0,0,0,0,0,0,0,0,0,0,0,1,0,1,0,0,1,3,1,2,1,1,0,0,0,0,1,2,1,1,1,2,0,0
0,0,0,1,0,0,0,1,1,0,1,1,0,0,1,1,0,0,0,0,0,0,0,0,1,0,0,1,0,0,0,1,0,0,0,0,0,1,0,1,2,1,0,2,0,0,0,0,4,2
0,0,0,0,0,1,0,0,0,2,0,0,0,0,1,0,0,0,0,0,1,0,0,0,2,1,0,0,0,0,2,0,0,0,1,0,0,1,0,0,2,0,3,0,1,0,0,0,1,0
0,1,0,0,0,1,0,0,0,0,0,0,2,0,2,1,1,1,2,2,0,1,0,0,0,2,0,0,0,0,1,1,1,0,1,1,0,2,0,0,1,1,0,1,0,0,0,0,0,1
1,1,0,0,1,1,0,1,1,1,0,0,0,0,0,0,0,0,0,0,0,0,1,1,0,0,0,0,0,0,0,0,0,0,0,1,0,1,0,0,0,0,0,1,2,0,0,0,0,1
1,1,1,0,0,1,1,0,1,1,0,1,0,0,0,0,0,1,0,0,0,2,0,0,0,0,0,0,0,0,0,0,1,0,0,0,0,0,0,0,0,0,0,0,0,0,1,0,0,1
1,0,0,0,2,0,0,0,0,0,0,1,0,2,0,1,0,0,0,0,0,0,0,0,0,0,2,1,0,0,1,1,0,1,0,0,0,0,0,0,1,0,1,0,2,0,0,0,1,0
0,0,1,1,0,0,0,0,2,0,0,0,0,0,0,1,0,0,0,0,0,0,0,0,0,0,0,0,1,1,3,1,1,0,1,3,0,2,0,0,0,2,0,0,0,1,0,0,0,1
0,0,0,1,0,1,1,2,1,0,0,0,1,0,1,1,0,0,0,0,3,0,1,1,0,0,1,1,1,1,0,0,0,0,1,0,1,1,2,0,0,0,2,1,1,2,2,0,1,0
0,1,0,0,0,0,0,0,2,1,0,0,0,0,2,1,1,0,0,0,0,1,0,0,0,0,0,0,0,0,1,0,0,1,0,1,0,0,1,1,0,1,0,0,2,0,0,1,0,0
0,1,0,0,0,0,0,1,0,0,1,0,1,1,0,0,0,1,1,0,1,0,1,0,0,0,1,1,0,0,0,0,0,2,0,1,1,2,0,0,4,1,0,0,3,0,1,1,4,2
0,0,0,0,0,1,0,0,0,1,0,0,0,0,1,1,0,0,0,0,0,0,0,0,1,0,0,0,1,1,0,2,1,0,0,0,1,5,2,2,1,2,2,1,0,2,2,0,0,3
0,0,0,0,0,0,0,0,0,2,0,2,1,0,0,0,0,0,0,0,1,2,0,0,0,0,1,1,1,0,0,0,0,0,0,0,0,1,1,1,0,1,0,0,0,0,0,0,0,1
0,0,0,0,0,0,0,0,0,0,0,1,0,1,0,0,0,0,2,0,1,1,3,1,0,0,0,0,0,1,0,0,0,0,0,0,0,0,0,0,0,0,0,0,0,0,0,0,0,0
1,0,0,0,1,2,0,0,0,0,0,1,2,2,0,1,1,1,3,0,1,2,1,1,1,1,3,0,2,1,1,0,0,0,0,0,1,0,0,0,0,0,0,0,0,0,0,1,0,0
0,1,0,0,0,0,0,0,1,1,0,0,0,0,1,0,0,0,0,0,0,3,0,1,0,0,2,1,2,0,0,2,1,1,0,1,1,0,1,0,0,2,0,0,0,0,0,0,0,0
0,1,0,1,0,0,1,0,1,0,1,1,0,1,0,0,0,0,2,1,0,0,2,1,1,1,1,2,0,1,0,0,0,0,1,0,0,0,0,0,2,1,2,2,0,1,1,1,0,5
2,0,0,0,0,1,0,0,1,1,0,0,0,0,0,0,1,1,0,0,0,0,1,1,0,0,0,0,1,1,0,1,0,0,0,0,0,0,0,0,3,1,0,1,1,0,2,1,6,0
1,0,1,0,0,0,0,2,1,0,1,0,0,1,1,0,1,1,0,0,1,0,3,4,0,0,3,0,2,2,0,0,0,0,0,0,1,0,0,0,0,1,1,1,1,0,0,0,2,0
0,0,0,1,1,1,0,0,1,0,2,0,0,1,0,0,0,1,1,1,0,1,2,2,0,0,0,0,0,0,0,0,0,0,0,0,1,1,0,0,1,1,1,0,0,0,1,0,1,0
1,0,1,3,2,0,1,0,0,1,0,0,0,0,0,2,2,1,1,2,1,2,2,0,2,1,0,1,2,1,0,0,1,0,1,0,0,0,2,0,2,1,0,3,2,1,1,5,1,2
0,0,0,0,0,0,0,1,0,0,1,1,2,1,0,2,0,0,1,0,0,0,0,0,0,0,0,0,0,0,1,1,0,0,1,0,0,0,0,1,0,1,0,3,0,0,1,1,2,0
0,0,1,0,1,1,1,0,1,0,0,2,0,0,0,0,0,0,0,0,1,1,0,1,0,1,1,0,1,0,0,0,0,0,1,1,0,0,0,0,1,0,2,1,1,0,0,2,0,0
1,0,2,3,0,0,0,1,0,1,0,0,0,0,0,2,3,0,3,1,0,0,0,0,1,1,0,0,0,0,0,0,0,0,0,2,0,0,0,0,0,2,0,2,1,0,0,0,2,1
0,2,1,1,0,1,0,0,1,1,0,2,0,2,1,1,0,1,0,0,2,1,2,4,0,0,0,1,0,1,1,0,0,0,0,0,0,0,1,0,1,0,0,0,0,0,1,0,0,0
0,0,1,0,0,0,0,0,1,0,1,0,0,3,0,1,0,2,1,3,1,2,0,1,1,0,0,1,1,1,1,2,0,0,0,2,1,2,1,0,0,0,0,0,1,0,0,0,1,0
0,1,0,0,0,1,0,0,0,3,0,0,0,0,0,0,0,0,0,1,0,0,0,0,0,0,0,0,0,0,0,0,1,0,0,0,0,0,0,1,0,2,0,1,0,0,3,0,1,2
0,0,0,1,0,0,1,0,0,0,0,0,2,1,0,1,0,1,0,1,0,0,1,0,0,0,0,1,1,0,0,0,1,2,1,0,1,1,1,0,3,0,3,2,1,2,1,0,0,1
1,0,1,0,0,1,0,0,0,1,0,1,0,0,0,0,0,1,0,0,1,0,0,0,0,1,0,2,1,0,0,1,0,0,0,0,1,0,0,0,1,1,1,1,1,1,0,1,0,0
1,0,0,0,1,1,0,0,0,0,0,0,1,1,2,0,0,1,0,0,0,0,0,0,1,0,0,0,1,1,1,0,0,1,1,1,1,0,2,1,2,0,0,1,0,1,2,1,2,0
0,1,1,0,0,1,1,0,0,0,1,0,0,0,1,0,0,0,0,0,0,0,0,0,0,0,0,0,0,2,0,1,2,1,1,0,1,2,0,3,1,0,0,0,0,0,1,0,0,1
1,1,0,0,0,0,1,0,1,2,0,0,0,0,0,0,0,0,0,0,0,1,0,1,1,0,1,0,0,1,0,0,0,0,1,0,0,0,0,0,2,1,0,0,1,1,0,0,0,0
0,0,0,0,0,0,0,0,1,1,1,0,0,0,0,0,1,1,0,0,2,0,2,2,1,0,0,0,0,3,0,0,0,0,0,2,0,1,0,0,1,0,0,0,0,1,1,0,1,0
1,2,0,3,0,0,2,1,3,0,0,0,1,0,1,1,1,0,0,0,1,2,0,0,1,2,2,1,2,4,0,0,0,0,0,3,0,0,0,1,2,0,0,0,0,0,1,0,2,1
1,0,1,0,1,0,0,0,0,0,0,0,0,0,0,0,1,0,0,0,1,0,1,2,1,0,0,0,0,1,1,0,2,0,0,2,1,0,0,0,1,1,0,1,0,0,0,1,0,0
1,0,0,0,0,0,1,0,1,0,0,0,0,0,1,0,0,0,0,0,0,0,0,0,1,0,0,0,0,0,0,0,2,1,1,0,2,0,1,1,0,1,0,0,0,0,0,2,0,1
0,0,0,0,0,0,3,0,0,1,0,0,0,0,0,0,0,0,2,0,1,0,0,0,0,0,0,1,0,0,0,0,1,1,0,1,0,0,0,0,0,0,1,1,0,1,0,1,0,0
0,0,0,1,0,0,0,0,0,0,1,0,1,0,0,0,0,0,0,0,1,0,0,0,1,0,0,1,0,0,0,0,0,0,0,1,1,0,0,2,1,2,1,2,1,1,1,1,0,0
1,0,1,0,0,0,1,0,0,0,0,0,0,1,3,0,0,0,0,1,0,0,1,0,0,0,0,0,0,0,0,0,0,0,0,0,0,0,1,0,0,0,0,0,0,3,0,0,0,0
0,0,0,1,0,0,0,0,0,0,0,1,1,2,0,0,0,0,0,0,0,0,0,0,0,0,0,0,1,0,0,1,0,0,0,0,1,0,1,1,0,0,1,1,0,1,1,0,1,0
2,1,2,0,1,3,0,3,2,3,0,0,0,0,1,1,0,0,1,1,0,0,0,1,1,1,0,0,0,0,0,0,0,0,0,0,0,0,0,0,2,2,0,2,0,0,1,1,3,0
0,1,0,0,1,1,0,0,2,0,0,1,0,1,1,0,2,1,2,2,1,0,0,0,1,0,0,1,0,0,0,0,0,0,0,0,1,0,0,0,1,0,2,1,0,0,0,1,1,0
1,0,1,0,0,0,0,0,1,0,0,0,0,0,0,0,1,0,1,0,0,0,0,0,0,0,0,0,0,0,0,0,0,0,0,0,0,0,1,0,0,2,1,1,1,1,1,1,2,0
0,1,0,0,1,0,0,0,0,0,0,1,1,2,1,3,0,0,0,0,1,0,1,0,0,1,0,0,1,0,0,0,1,0,0,0,0,1,0,0,1,0,0,0,1,0,0,0,1,0
0,0,0,2,0,0,1,0,2,0,3,2,3,0,2,1,1,0,0,2,0,0,1,0,0,0,0,1,0,0,2,0,2,0,0,1,0,0,0,0,0,0,0,0,2,0,1,0,1,0
0,1,0,1,0,0,0,0,0,0,0,1,0,0,1,0,0,0,0,0,1,1,0,1,0,1,2,1,0,2,0,0,1,1,0,0,0,0,0,3,0,0,1,0,1,1,1,1,0,0
2,1,2,0,0,1,1,1,2,0,0,1,0,0,0,0,0,0,0,0,1,0,0,0,0,0,1,1,3,1,1,1,0,0,0,0,0,0,0,0,0,1,2,0,0,0,0,0,0,0
2,0,0,1,0,1,0,1,0,1,0,0,0,0,0,0,0,1,0,0,0,0,0,0,0,0,0,0,0,1,0,0,0,0,1,0,0,1,1,0,2,0,0,0,0,0,0,0,0,0
2,0,1,1,2,0,0,0,1,0,1,0,1,0,2,0,0,0,2,2,0,1,0,0,0,1,0,1,1,1,3,0,2,1,0,0,1,2,0,1,0,0,1,1,0,1,1,0,1,0
0,0,1,0,0,0,0,0,0,0,0,0,0,0,0,0,0,0,0,0,0,0,0,0,0,1,0,0,1,2,0,0,0,0,2,2,1,0,0,0,0,0,0,0,0,1,2,0,2,0
1,1,0,1,1,0,1,0,0,0,0,0,1,0,0,0,1,0,1,0,1,0,3,0,0,1,0,1,0,1,0,0,0,1,0,0,0,1,0,0,1,1,2,1,0,1,1,1,0,0
0,0,0,0,0,0,2,1,0,1,0,0,0,0,3,0,1,0,0,1,0,0,0,0,0,0,0,0,0,1,0,0,0,0,0,0,0,1,0,0,0,0,0,1,0,0,0,0,0,0
0,0,1,0,0,0,0,0,0,1,0,1,1,0,1,0,0,1,0,1,0,0,1,0,1,1,0,0,3,1,0,0,1,0,2,0,0,0,1,2,0,1,1,0,0,1,1,0,0,1
2,1,0,0,2,4,2,0,0,1,0,0,0,0,0,0,0,0,0,0,0,1,2,1,0,0,2,0,1,2,0,1,0,2,0,1,1,0,2,2,0,0,0,2,0,0,0,2,0,1
0,1,1,0,0,0,1,0,0,0,0,1,3,1,1,1,0,1,2,1,0,1,0,5,2,0,2,1,1,0,2,1,0,0,0,0,0,0,0,1,1,1,1,1,0,1,0,0,0,0
0,0,0,0,2,1,0,0,0,0,0,1,0,0,0,0,0,2,0,1,1,0,0,0,0,1,1,0,0,0,0,4,0,0,0,2,0,0,1,0,0,0,0,0,0,1,0,1,0,1
0,0,0,0,2,0,1,0,1,1,3,0,0,0,0,0,1,0,0,0,0,1,0,0,1,0,0,0,1,0,0,0,1,0,0,0,0,0,0,0,0,2,0,0,2,0,0,0,0,0
0,0,0,0,0,1,0,0,0,0,0,1,2,2,1,2,1,0,1,1,0,0,0,1,0,0,1,0,0,0,1,1,0,0,2,2,0,0,0,0,0,0,1,1,2,0,0,1,0,1
1,1,0,0,0,0,1,0,0,0,1,1,0,1,0,2,1,2,1,0,1,0,0,0,0,0,0,1,0,0,1,0,2,5,2,0,1,0,5,1,0,0,0,0,0,0,0,2,0,1
1,2,1,2,1,0,0,1,0,1,0,0,1,0,1,0,1,0,1,0,2,0,2,1,0,1,2,0,0,1,0,0,0,0,0,0,1,0,0,0,0,0,0,0,1,1,0,0,0,0
1,1,1,0,1,1,0,0,1,1,1,1,0,0,0,1,0,0,1,2,1,0,2,0,0,0,0,1,0,1,0,0,1,1,1,0,1,0,0,0,1,0,0,0,4,1,0,0,0,0
1,1,0,0,1,0,1,1,0,1,0,0,0,0,1,0,1,1,1,0,1,0,1,0,0,1,1,0,0,1,2,0,1,2,0,0,0,1,1,0,0,1,0,0,0,0,0,0,0,0
0,0,0,1,0,0,0,0,0,0,0,0,1,1,0,0,0,1,0,1,1,0,0,0,1,0,0,0,0,0,0,2,1,0,0,2,1,1,2,0,1,1,1,1,0,1,1,0,0,1
0,1,0,0,1,0,0,1,0,1,1,0,0,0,1,0,0,0,0,1,0,0,3,1,1,1,0,1,1,0,1,0,1,1,0,0,0,1,0,0,1,0,0,1,0,1,2,1,0,1
3,0,0,0,0,0,0,2,0,1,1,0,0,1,0,0,0,1,1,0,0,0,1,1,0,1,0,1,0,0,0,0,1,0,0,0,1,1,0,1,0,1,2,0,0,1,0,1,0,1
1,1,1,2,0,0,0,1,1,0,3,2,2,0,0,0,0,1,0,0,0,0,0,1,0,1,0,1,0,0,0,0,0,1,0,0,0,0,0,0,0,0,0,1,1,0,0,2,0,0
1,0,1,0,1,2,2,3,3,1,0,1,0,0,0,1,0,0,1,0,0,0,0,3,0,1,1,0,0,0,0,0,0,0,0,3,1,0,1,0,1,1,0,0,0,0,0,0,0,0
0,1,1,2,0,0,0,1,0,0,0,1,0,0,0,0,0,1,0,0,1,0,1,1,1,0,0,0,0,1,0,1,0,0,0,0,0,1,1,0,1,0,0,0,2,1,1,0,1,2
0,1,1,1,0,1,0,2,0,1,0,0,0,0,0,1,0,0,0,1,0,0,0,0,0,0,0,0,0,0,1,1,0,2,1,0,0,0,0,2,3,1,0,0,0,0,1,0,0,2
0,1,0,0,0,0,1,0,0,0,0,0,0,0,0,0,0,0,1,0,0,0,0,0,1,0,0,0,0,0,0,1,3,1,1,2,1,3,1,0,1,0,0,0,1,0,0,0,1,0
1,0,0,1,1,1,0,0,1,1,0,2,1,0,0,0,0,1,0,0,1,1,1,1,0,1,1,1,0,0,0,1,1,0,0,1,1,1,2,1,2,1,1,1,0,1,0,1,3,1
2,0,0,0,1,1,0,0,1,1,1,1,1,0,0,0,0,0,0,2,0,0,0,0,0,1,1,0,0,0,0,0,2,1,0,1,0,0,0,0,0,0,0,0,0,0,0,1,0,0
0,0,0,1,0,0,0,1,0,0,0,0,0,2,2,0,0,1,1,2,1,2,1,3,1,1,2,3,1,1,2,1,1,0,2,2,0,2,2,0,0,0,0,1,1,1,0,0,1,1
1,1,0,0,1,0,0,0,1,0,0,1,0,0,1,2,0,1,2,0,0,1,1,0,0,0,0,0,0,0,0,0,1,0,1,0,1,0,0,0,0,0,1,0,1,1,1,1,0,0
0,1,0,0,0,1,1,1,0,1,1,0,0,1,1,0,0,0,1,1,0,0,0,0,0,0,0,0,1,2,1,0,2,1,0,1,2,0,3,3,0,0,0,0,0,2,0,0,0,1
0,1,0,0,0,0,0,0,1,0,0,0,1,0,0,0,0,1,1,0,1,2,2,2,0,3,0,2,1,0,1,1,1,0,0,1,1,0,0,2,1,0,0,0,0,0,0,1,2,0
0,0,0,0,0,1,0,0,1,1,0,0,0,0,0,0,0,0,0,0,1,3,1,1,1,0,2,1,0,0,0,0,1,0,0,0,1,1,0,0,1,1,1,1,2,3,2,0,0,1
0,0,0,0,0,1,0,1,0,0,0,0,0,1,0,0,0,0,1,0,1,0,2,0,0,1,0,1,0,2,0,0,2,0,0,0,0,2,1,0,0,2,0,0,0,0,0,0,0,1
1,0,0,2,0,0,0,0,1,0,0,1,0,2,0,0,0,2,0,0,0,1,1,0,1,3,1,1,1,2,0,1,0,1,0,0,0,1,1,0,1,0,1,1,0,0,0,0,0,0
1,0,1,1,1,0,2,2,2,1,0,1,0,1,0,0,1,4,0,0,3,2,3,0,1,1,3,1,0,1,0,0,1,0,2,1,1,0,0,2,0,0,1,0,1,0,1,0,0,1
6,0,1,1,1,1,1,0,1,1,1,1,1,0,0,0,0,0,0,1,0,2,0,0,1,0,1,1,1,0,0,1,0,0,1,0,0,0,0,0,0,1,1,3,0,2,1,1,1,0
3,2,2,1,3,1,1,0,0,0,1,1,1,0,3,1,2,0,0,1,0,0,0,0,0,0,0,0,0,0,0,0,1,0,1,0,0,0,1,1,1,1,0,1,0,1,1,0,0,0
0,0,0,0,2,0,0,0,0,0,0,1,0,0,2,0,0,0,0,0,0,0,0,0,0,0,0,0,0,1,2,1,0,2,0,0,0,1,0,2,1,1,0,0,0,2,1,2,0,1
0,0,0,1,1,0,0,1,1,0,0,0,0,0,0,0,0,0,1,0,0,2,0,0,1,1,1,1,2,0,0,1,0,1,2,1,0,2,1,0,0,0,0,1,1,0,0,1,1,0
0,0,2,0,0,0,1,0,1,0,0,0,0,0,0,1,0,0,0,0,0,0,0,0,0,1,1,0,1,0,0,1,1,2,0,2,0,0,1,0,3,3,1,2,4,1,0,3,0,2
0,3,1,0,0,2,0,1,1,2,0,0,0,0,1,0,0,0,0,0,1,0,0,1,0,0,0,0,0,0,1,1,0,0,0,0,1,1,1,0,1,1,0,0,0,1,2,0,1,1
0,0,0,1,0,0,0,0,1,1,0,0,0,0,0,1,0,1,0,0,0,0,0,1,0,0,0,0,0,0,0,0,0,0,1,0,0,0,0,0,1,0,2,1,0,0,3,1,1,2
0,1,0,0,3,2,0,0,0,0,0,0,0,0,0,0,0,0,0,0,0,0,0,0,1,0,0,0,1,1,0,0,0,0,0,0,0,1,0,0,0,0,0,0,0,0,3,5,2,0
0,1,0,0,0,0,1,0,0,0,0,0,0,0,0,0,0,0,0,0,0,1,0,0,0,0,1,0,0,0,0,1,1,0,0,0,2,1,0,1,0,1,1,0,1,1,0,0,0,1
1,0,0,1,0,0,1,0,0,0,1,0,0,1,0,1,0,2,1,2,0,0,0,2,0,1,0,0,1,0,3,1,0,0,2,0,0,0,0,0,1,2,2,0,2,0,0,1,1,2
0,0,1,1,1,0,1,0,0,0,0,0,0,0,0,1,0,0,2,0,1,0,0,0,0,0,1,0,0,0,0,0,0,0,1,1,0,0,1,0,1,0,1,1,1,0,1,0,0,0
0,0,2,0,0,0,1,1,0,0,1,0,2,0,1,2,1,0,0,1,0,1,1,0,0,0,0,0,0,1,0,0,0,0,0,0,0,0,0,1,2,2,0,1,0,0,0,2,1,1
1,0,0,0,0,2,1,0,0,1,1,1,0,0,2,0,1,0,0,0,0,0,0,0,0,0,0,0,0,0,0,0,0,0,0,0,0,1,1,0,0,2,0,1,3,3,0,2,0,2
2,0,0,1,1,1,0,1,1,1,1,1,0,0,0,0,0,0,0,0,1,0,0,0,0,1,0,0,1,0,0,0,0,0,0,0,0,0,1,0,0,1,1,0,0,0,0,0,0,0
0,0,0,0,0,0,1,1,0,0,1,0,1,0,3,2,1,1,1,1,0,1,0,1,0,0,0,1,1,1,1,0,1,1,3,1,0,0,0,1,0,1,1,0,1,3,3,1,1,1
0,1,2,1,1,0,1,0,3,0,0,2,1,0,0,0,1,0,0,0,0,0,0,0,1,0,0,0,0,0,1,0,1,1,0,1,0,0,0,1,1,0,1,1,0,2,0,2,1,1
0,0,0,0,0,0,1,1,0,0,0,0,0,0,0,0,0,0,0,0,1,1,2,0,1,0,0,1,0,0,1,0,2,1,2,3,1,1,0,2,0,1,1,0,0,0,1,0,1,0
1,0,1,0,0,0,1,0,1,3,0,1,0,0,0,0,0,0,0,0,1,0,1,1,0,0,0,0,0,0,0,0,0,1,0,0,3,0,1,1,0,0,0,0,0,0,0,0,0,0
0,0,0,1,0,0,0,0,0,1,0,0,1,1,0,0,0,1,0,1,0,0,1,1,0,0,0,1,0,2,2,4,0,1,2,1,0,1,1,1,2,1,1,1,0,2,3,1,3,2
0,0,2,0,0,0,3,0,0,2,1,0,0,0,0,1,1,0,0,2,0,0,0,0,0,1,1,1,0,0,2,0,1,0,0,1,0,0,2,0,0,1,0,0,1,0,0,3,0,1
0,0,1,1,0,0,1,1,1,0,0,0,0,0,0,0,2,0,0,0,2,0,0,2,0,3,1,1,1,1,1,1,0,1,0,1,0,1,1,0,0,1,0,0,0,1,0,0,0,2
0,0,0,0,0,0,0,0,0,0,0,0,0,0,1,1,0,0,0,0,0,1,1,1,0,0,0,1,3,0,1,0,1,0,0,0,1,1,0,0,0,0,0,1,1,3,5,1,0,2
2,1,0,0,1,2,1,1,0,0,0,0,0,0,0,1,0,0,0,0,2,3,5,2,2,2,1,2,2,1,0,0,0,0,0,0,0,0,1,0,0,0,0,1,1,0,0,0,0,0
0,0,1,2,0,0,0,0,1,0,2,0,1,2,0,1,2,0,1,0,2,0,0,0,0,2,0,0,0,0,0,1,1,0,0,0,1,2,2,0,0,0,0,0,0,0,0,0,0,1
1,0,0,0,1,0,0,1,0,1,0,0,0,0,0,0,0,0,0,0,0,0,0,0,0,0,0,0,0,0,0,1,1,1,0,0,0,1,1,1,0,2,0,1,0,0,0,0,1,0
1,0,0,0,0,1,0,0,0,0,0,0,1,0,1,0,0,0,0,0,0,0,1,1,0,1,0,0,0,0,0,0,0,2,0,1,0,0,0,1,0,0,0,0,0,1,3,0,0,0
0,0,0,0,1,1,0,1,0,1,1,1,0,0,0,0,0,0,0,0,2,0,0,0,0,0,0,0,1,0,0,0,0,0,0,0,1,0,0,1,2,0,1,0,1,1,1,1,0,2
1,0,0,0,0,0,0,0,0,0,0,0,0,0,0,0,0,0,0,0,0,2,0,2,0,0,0,0,2,0,0,0,0,0,0,0,0,0,0,1,1,0,0,0,0,0,1,0,0,0
1,1,1,0,0,1,1,1,2,0,0,0,0,0,0,0,0,0,1,0,0,0,2,0,0,0,0,1,0,0,2,1,3,0,0,0,0,1,0,1,0,1,1,0,2,0,0,0,0,1
1,1,1,1,0,1,0,0,2,1,1,1,0,2,0,1,1,0,1,1,0,0,0,0,0,0,1,1,0,0,1,2,2,1,1,3,0,0,1,1,2,0,0,1,0,2,0,2,1,1
1,0,0,1,0,1,2,0,0,0,0,1,0,0,1,0,0,0,1,0,1,2,0,0,1,0,0,0,2,3,0,0,0,0,0,0,1,0,0,1,2,1,0,2,0,0,2,0,0,0
0,0,0,0,0,0,0,1,1,0,1,0,1,0,0,1,0,1,0,0,3,0,0,0,0,1,0,0,1,0,0,1,1,0,2,1,1,1,2,1,2,1,2,1,2,0,0,3,0,1
1,0,1,0,0,0,0,0,0,2,1,0,0,0,0,1,1,0,0,0,0,0,0,1,1,0,0,0,0,0,0,0,0,0,0,0,2,0,0,0,0,0,1,0,0,1,0,0,1,0
2,1,0,2,1,0,3,2,3,1,0,0,0,0,0,1,1,0,0,1,0,0,1,1,1,1,0,0,1,0,1,1,1,2,0,3,0,0,0,1,0,0,1,1,1,0,2,1,2,0
0,0,0,0,0,1,0,1,0,0,0,0,0,0,0,0,0,0,1,0,2,1,0,0,0,0,0,1,1,0,0,0,4,0,0,3,0,0,0,1,0,1,0,0,0,0,1,1,0,0
0,0,0,0,1,0,0,1,0,0,0,1,1,1,0,1,0,0,0,0,0,0,1,1,1,3,2,0,0,0,0,0,1,0,0,0,1,0,0,0,0,0,0,1,1,0,1,0,1,0
0,0,0,2,0,0,0,0,0,1,0,0,0,0,0,0,0,0,0,0,3,2,0,4,0,1,2,0,4,1,0,0,0,1,1,0,0,0,0,0,0,1,1,0,0,3,0,1,0,0
0,1,0,0,0,0,0,0,0,0,0,0,0,0,0,1,0,1,1,0,0,1,1,1,1,0,2,0,2,1,0,0,1,0,0,1,0,0,0,1,1,2,2,0,1,2,2,1,2,1
1,1,0,1,0,1,0,2,0,1,0,1,0,0,0,0,1,0,1,1,2,2,1,0,0,2,1,0,0,1,0,0,0,0,0,1,1,0,0,0,1,1,0,0,1,2,1,0,0,0
0,0,0,1,0,0,0,0,0,1,1,0,0,0,1,1,0,0,0,0,0,0,1,0,0,0,0,0,0,0,1,0,1,1,1,0,0,0,0,0,1,0,0,0,0,0,0,0,0,0
0,0,0,1,0,0,0,0,0,0,2,0,0,1,0,2,1,1,2,1,1,0,1,0,1,0,1,0,0,0,0,0,0,1,0,1,0,0,0,1,0,0,0,1,0,0,1,1,0,0
0,0,0,0,1,0,0,1,0,0,0,0,0,0,0,0,0,0,0,0,0,4,3,0,2,2,0,0,0,2,0,1,1,0,0,0,1,0,0,0,0,2,0,1,2,0,2,1,0,1
2,0,0,0,0,1,1,1,0,2,0,0,1,0,1,0,1,0,2,0,0,0,0,2,1,0,0,1,2,1,1,1,0,0,0,1,1,1,2,1,1,1,0,1,1,1,1,0,0,0
0,0,0,2,0,0,1,0,1,0,1,1,1,0,1,1,0,0,1,4,0,0,1,0,0,0,0,1,0,2,1,0,1,0,0,0,0,1,0,0,0,0,1,0,1,0,0,1,1,1
2,0,4,2,0,0,0,2,0,1,0,1,1,1,0,0,0,1,2,0,0,0,0,0,0,0,1,1,0,0,1,0,0,0,0,0,0,0,0,2,0,0,1,0,1,0,1,3,1,2
1,1,0,1,1,1,0,0,0,0,0,0,1,0,0,0,0,0,1,0,0,0,0,0,0,1,1,0,1,0,1,1,1,0,0,1,3,0,0,1,0,0,0,0,0,0,1,1,0,1
1,0,0,0,0,0,0,0,0,0,0,1,1,1,1,1,1,1,1,0,2,0,1,0,1,1,0,0,0,0,0,1,0,0,0,0,1,0,0,0,1,0,1,1,2,0,0,2,1,1
0,1,0,0,0,0,1,1,0,1,1,1,2,1,0,1,0,1,1,0,0,0,0,1,1,1,0,0,0,0,1,1,0,0,1,0,0,1,0,1,1,0,1,1,1,2,0,1,0,1
0,1,2,0,0,1,0,1,2,1,0,0,0,0,0,0,0,0,1,1,0,1,1,2,0,5,0,1,2,1,0,0,0,1,0,0,0,0,0,1,1,0,0,0,0,1,1,0,1,0
0,0,0,0,0,0,0,0,0,0,1,1,0,1,1,2,0,0,0,0,4,0,0,1,1,1,1,1,0,2,0,0,0,0,1,1,0,0,0,0,0,0,0,1,0,1,2,0,0,0
1,1,1,0,1,4,0,0,1,1,0,0,0,0,1,0,0,0,0,0,1,2,1,0,2,0,0,0,0,0,0,0,0,0,0,1,0,1,0,1,0,1,1,1,0,0,0,0,0,0
0,0,0,0,2,0,0,0,0,1,0,0,0,0,0,0,1,1,0,0,0,0,0,0,1,1,2,0,0,0,0,1,0,0,0,0,0,1,2,0,0,0,0,1,1,0,1,2,0,0
0,0,0,0,1,1,0,1,0,0,0,0,0,0,0,0,0,0,0,0,0,0,0,0,1,1,1,1,0,0,0,0,0,1,1,1,0,1,1,0,0,1,1,0,0,0,1,1,0,1
3,1,0,2,1,1,1,0,2,0,0,1,0,0,0,0,0,0,0,0,0,0,0,1,0,0,0,0,0,0,2,2,0,0,0,0,0,0,0,1,0,1,0,1,2,1,0,0,0,1
0,2,0,1,0,0,0,1,1,1,0,0,0,0,0,0,0,1,0,0,1,0,0,1,5,1,2,0,1,0,0,0,0,0,1,0,0,0,1,0,1,0,0,0,0,0,1,1,0,1
0,0,0,0,0,0,0,0,1,0,0,0,0,0,0,0,0,0,0,0,1,1,1,1,0,0,1,1,1,1,2,0,0,0,3,0,1,1,3,0,0,0,0,0,2,1,0,0,1,0
0,1,0,0,1,0,0,0,0,0,0,0,0,0,0,0,0,0,0,1,0,0,0,0,0,0,0,1,0,0,1,0,1,0,0,0,1,1,0,1,0,0,0,0,1,0,1,0,0,1
0,1,1,1,0,0,0,1,2,0,0,0,2,0,0,0,0,1,1,0,0,2,1,0,2,1,0,1,0,1,2,0,0,0,0,0,0,1,0,0,0,1,0,0,0,0,0,0,1,0
1,0,0,0,0,0,0,0,0,1,0,0,0,0,0,1,1,0,0,0,1,1,0,2,1,2,0,1,2,0,0,0,0,0,1,1,0,0,0,0,0,0,0,1,0,0,0,0,0,2
0,1,1,0,1,0,0,0,1,0,0,0,0,0,0,0,0,0,1,0,1,1,1,0,0,0,0,1,0,0,0,0,2,0,0,1,1,1,1,0,0,1,1,1,0,0,0,1,0,0
0,0,0,0,0,0,0,0,0,0,0,0,0,0,0,0,0,0,0,0,0,1,1,1,1,0,0,1,0,0,3,0,0,1,0,0,0,2,0,0,0,1,0,0,0,1,2,0,1,0
0,0,1,0,0,0,1,1,2,0,0,1,1,1,0,1,1,0,0,0,0,0,0,0,0,0,0,0,0,0,0,0,0,0,2,0,0,0,2,1,0,1,1,0,0,0,1,2,0,0
0,2,0,0,0,0,1,0,0,0,1,0,0,1,0,2,0,0,2,1,1,1,1,1,0,1,0,0,0,0,0,0,1,1,0,0,0,1,1,0,0,0,0,1,1,0,0,1,0,1
0,1,1,0,2,1,2,0,0,0,0,0,2,0,0,0,0,0,0,0,2,1,0,0,2,2,0,0,1,2,1,0,1,1,0,0,0,2,0,0,2,0,1,1,1,0,1,5,1,4
0,0,3,1,4,0,0,0,0,2,0,0,0,1,0,0,0,0,1,0,0,2,0,0,1,0,0,0,0,0,1,1,1,0,0,1,0,0,0,1,3,1,0,2,1,2,0,2,0,0
0,1,1,2,0,1,1,1,2,1,0,0,0,0,0,0,0,0,0,0,0,1,0,0,1,1,0,1,0,1,0,1,1,1,1,2,0,2,0,2,0,0,0,0,0,0,1,1,0,0
1,1,1,0,0,1,3,1,0,1,0,0,0,0,0,0,0,1,1,0,0,1,0,1,3,0,0,0,1,1,0,0,0,0,2,1,1,0,0,0,0,0,0,2,1,1,0,0,0,0
0,1,0,0,1,0,1,1,0,0,0,0,0,0,0,0,0,1,0,0,0,2,0,0,0,0,0,1,0,2,1,0,0,1,2,2,0,1,0,0,0,0,1,1,0,0,0,0,0,1
1,2,0,1,0,1,1,1,0,0,0,0,0,0,0,1,1,0,0,0,0,0,0,0,1,0,0,0,0,0,0,1,0,1,1,1,0,2,2,0,0,2,1,2,0,1,1,0,0,1
0,0,0,1,0,0,0,0,0,0,0,0,0,0,0,0,0,0,0,0,0,0,1,0,0,1,0,1,0,0,1,0,0,0,0,1,0,1,1,0,0,0,1,0,0,0,1,1,0,0
0,0,1,0,2,2,1,0,1,0,1,0,0,0,0,0,0,0,0,0,0,0,0,1,1,0,1,0,1,0,0,0,0,0,0,1,1,0,1,1,0,0,0,1,0,0,0,0,1,0
1,1,1,0,2,2,1,1,2,0,0,0,0,0,1,0,0,1,1,0,0,0,1,0,0,1,0,1,0,0,0,0,0,1,0,0,1,0,0,0,0,1,0,0,0,0,3,1,2,1
0,0,0,0,0,0,0,0,0,1,1,2,1,0,0,0,0,0,0,0,0,0,0,0,0,1,0,0,0,1,0,1,0,1,0,1,0,1,0,0,0,0,0,2,0,4,1,1,2,0
1,0,0,0,0,1,0,0,2,0,0,0,0,0,2,1,1,0,0,1,0,0,0,0,0,1,0,0,0,0,0,1,0,1,0,0,2,2,2,0,1,1,0,0,0,0,3,1,0,0
2,0,1,1,0,1,0,0,0,0,0,0,0,0,0,0,0,0,0,0,1,1,1,0,0,1,0,1,0,0,0,0,0,0,0,0,0,0,0,0,2,0,1,1,0,0,1,1,0,1
0,2,0,0,0,1,1,0,0,0,0,0,0,0,0,0,0,0,0,0,1,0,0,0,1,0,0,0,1,0,0,0,0,1,0,1,0,0,0,0,0,0,1,1,0,0,2,1,0,1
1,0,1,0,0,0,0,0,0,2,0,0,0,0,0,0,0,0,0,0,1,0,0,0,2,0,0,0,0,1,1,0,0,0,0,0,0,0,0,0,0,0,1,0,0,0,1,1,0,0
1,0,0,1,0,1,0,1,1,1,0,1,0,0,0,0,0,0,0,0,1,0,0,0,1,0,0,1,0,0,0,0,0,1,1,1,0,0,0,0,1,0,0,0,0,1,0,2,2,2
0,0,0,0,1,0,1,1,0,0,1,2,0,1,0,1,0,1,2,0,1,0,0,1,0,0,1,2,1,1,1,2,1,1,0,3,1,1,1,2,1,0,0,0,2,1,0,1,0,0
2,0,1,0,0,0,0,0,0,1,0,2,0,0,0,1,1,0,0,0,1,1,1,1,0,1,1,1,1,1,0,0,0,0,0,0,0,0,0,0,0,2,1,2,0,2,2,1,0,1
0,0,0,0,2,1,2,1,0,1,1,0,0,1,1,0,1,1,1,0,1,0,0,1,0,0,2,0,0,0,0,0,0,0,1,0,1,0,0,1,0,0,2,0,1,0,2,0,2,1
0,0,0,2,1,0,0,2,0,0,0,1,0,1,1,1,0,0,0,0,0,0,2,2,1,2,0,1,5,3,0,0,0,0,0,1,2,1,1,0,0,0,2,0,1,0,0,0,1,0
1,1,1,2,1,1,0,0,0,1,2,1,2,2,3,0,0,1,0,2,1,0,0,1,0,1,1,1,0,3,4,2,0,1,2,0,2,2,0,3,1,0,0,4,0,0,1,1,0,0
0,0,0,2,0,0,1,0,0,1,2,2,3,0,1,1,1,1,3,0,0,0,1,2,3,0,0,0,0,0,1,0,0,0,1,0,0,0,0,0,3,2,3,2,1,1,3,2,0,1
0,1,0,0,0,0,0,0,0,0,0,0,0,0,1,0,0,0,0,0,0,0,0,1,0,0,0,0,1,2,0,0,0,0,0,1,1,0,2,0,0,2,1,2,1,1,0,0,1,0
0,2,1,0,1,0,0,0,0,0,1,1,0,0,1,1,0,2,0,0,1,0,0,2,1,4,0,0,0,1,0,0,0,0,0,0,0,1,0,0,0,1,0,1,1,0,0,1,1,0
1,1,0,1,2,1,0,1,0,0,1,1,0,2,1,3,0,0,0,0,0,0,0,0,0,0,0,0,0,0,2,0,1,0,0,0,1,1,0,0,2,0,0,1,1,0,3,0,0,0
0,0,0,0,0,1,0,0,0,1,1,0,0,0,0,0,0,0,1,0,0,1,0,0,0,1,0,2,0,0,1,0,0,0,1,0,0,1,3,1,1,0,0,0,0,0,0,0,1,0
0,0,2,0,1,1,0,1,1,0,0,0,1,0,0,1,0,0,1,1,1,2,0,0,1,0,0,0,1,0,0,0,0,0,1,1,0,1,1,0,1,2,0,2,1,2,0,1,0,0
0,1,0,0,3,1,1,1,3,0,0,0,0,0,1,2,0,0,0,0,2,0,1,0,0,1,0,0,0,0,0,1,0,0,0,0,0,0,0,1,2,1,1,0,1,1,0,2,1,0
1,3,3,0,1,0,0,0,2,0,0,0,0,1,0,0,0,0,0,0,1,3,1,1,1,2,0,2,2,0,0,2,0,1,0,1,0,0,3,0,1,0,2,1,0,0,0,0,0,0
2,0,2,2,1,1,0,2,2,1,0,1,1,1,0,0,0,1,0,0,0,1,0,0,0,0,0,0,0,0,0,0,1,0,0,1,2,0,0,0,1,0,0,0,1,2,1,0,1,1
0,0,0,0,0,0,1,0,1,0,2,1,2,1,1,1,0,0,1,0,0,1,2,1,1,1,1,2,2,3,1,0,0,1,1,0,0,1,0,0,1,1,0,1,1,1,1,1,0,1
1,0,0,0,0,1,0,1,0,0,0,0,1,0,0,1,0,0,0,1,0,0,2,0,1,0,1,2,1,0,1,2,1,0,2,0,2,2,0,1,1,1,3,1,0,0,0,0,0,2
0,0,0,0,1,0,0,1,0,0,0,0,0,0,0,1,1,0,1,0,1,1,0,1,0,0,0,0,0,1,0,0,0,0,0,0,0,1,1,0,1,0,0,1,0,0,0,0,0,0
0,0,0,0,0,1,1,0,1,0,0,1,1,0,0,0,1,0,0,1,0,1,2,0,1,1,2,0,2,1,0,0,0,0,0,0,0,0,0,1,1,1,0,0,0,2,0,0,0,1
0,2,2,2,0,0,2,1,2,1,1,0,1,2,0,0,1,0,0,0,0,1,0,0,0,2,0,0,0,0,0,0,0,0,2,2,1,0,1,1,1,1,1,0,0,0,2,1,3,1
1,0,0,0,1,0,0,0,0,0,0,1,0,2,1,0,2,0,1,2,1,0,2,0,1,1,0,0,0,0,0,1,3,1,1,0,0,0,4,1,0,0,0,0,0,1,0,1,2,1
0,0,0,0,0,0,0,0,0,0,0,0,1,1,2,2,1,0,0,0,0,1,0,0,1,0,1,2,1,0,0,0,0,0,2,0,0,1,0,0,0,1,1,0,0,0,0,1,1,1
2,0,0,0,0,0,0,0,1,0,1,1,0,0,0,0,0,1,0,0,0,0,0,0,1,1,0,3,0,2,1,0,0,0,1,2,0,1,0,0,2,1,2,0,2,1,1,1,2,1
1,0,2,0,0,0,0,0,1,0,0,0,2,1,0,0,0,0,0,0,0,0,0,2,1,1,0,1,2,0,0,0,0,1,1,0,0,1,0,0,0,1,0,4,0,1,0,0,0,2
0,0,0,0,0,0,0,0,0,0,0,0,0,0,0,0,0,0,0,0,1,2,0,0,2,1,1,0,2,1,2,0,1,3,0,0,0,1,0,0,1,0,0,0,0,0,1,0,1,1
0,0,0,0,0,0,1,0,2,0,0,0,1,2,1,3,1,2,2,2,1,1,1,1,0,0,1,0,1,0,0,0,3,1,0,0,0,1,2,1,1,0,1,1,0,0,0,0,0,1
0,0,1,0,1,0,0,0,1,1,0,0,0,0,0,0,0,0,0,0,0,0,0,0,0,0,0,0,1,0,2,1,1,0,0,1,0,1,1,0,2,1,1,1,3,1,1,0,0,2
1,0,1,0,0,1,0,0,0,0,0,0,0,1,0,1,0,0,0,0,0,1,2,0,1,0,0,1,0,2,1,0,1,0,0,0,1,0,0,0,1,0,0,0,0,1,0,0,0,1
0,1,1,0,0,0,0,0,0,0,0,0,1,0,0,0,1,1,0,1,0,1,0,0,0,2,0,3,2,0,0,1,0,0,0,0,0,1,0,0,0,0,3,0,0,0,2,2,0,0
1,0,0,0,1,0,0,0,0,0,0,1,1,2,0,0,0,0,1,0,1,1,0,0,0,0,0,0,0,0,0,0,0,1,0,1,0,0,0,0,1,3,3,0,1,1,3,1,2,1
0,0,1,1,0,1,0,0,0,0,1,0,2,0,0,1,0,1,0,2,0,0,1,1,0,2,0,0,0,1,0,0,0,1,0,0,0,0,0,0,0,1,0,0,1,1,0,0,0,0
0,1,1,0,0,2,2,0,1,0,0,0,0,1,0,0,0,1,1,1,0,3,1,0,2,0,1,0,0,0,0,1,1,2,0,1,0,0,2,0,0,1,0,0,0,0,1,3,0,1
0,0,0,0,0,0,0,0,0,1,1,2,0,1,0,0,0,0,0,1,0,0,0,0,0,0,0,0,0,0,0,0,0,0,0,0,0,0,0,0,1,0,0,0,1,0,1,1,1,1
1,0,0,0,0,0,0,0,0,0,0,1,1,0,1,2,0,1,0,1,1,0,1,0,0,1,2,0,1,0,0,0,0,0,0,1,0,0,0,0,0,0,0,1,0,0,2,0,0,0
1,0,0,1,2,2,3,1,1,0,0,1,1,0,0,0,0,0,0,0,0,1,0,0,0,1,0,1,1,1,0,0,1,0,0,0,1,1,0,0,1,0,1,1,1,0,1,0,2,1
1,0,1,1,0,0,0,0,0,0,0,0,0,0,0,0,0,1,0,0,1,0,0,0,0,0,0,0,0,1,0,0,0,0,0,0,1,0,1,0,0,3,1,0,0,2,0,3,2,1
0,0,0,0,0,0,0,0,0,0,0,3,1,0,2,0,0,0,1,0,0,0,0,1,0,0,0,0,0,0,0,1,0,1,1,1,0,0,1,0,0,0,0,0,0,0,0,0,0,1
0,2,1,0,0,1,0,0,0,0,1,0,0,1,1,2,1,1,0,0,1,2,0,0,1,1,1,0,0,1,0,1,0,1,0,1,0,0,0,1,1,2,1,0,4,2,0,1,1,2
0,0,0,0,0,0,0,0,0,1,0,0,1,0,0,1,0,0,0,1,1,2,1,1,3,0,3,0,1,0,0,0,0,1,0,2,1,2,2,0,1,1,1,0,0,1,0,0,1,0
0,0,0,0,0,0,1,0,0,1,0,0,0,0,0,0,1,0,0,1,0,1,0,1,0,0,0,0,0,0,0,1,0,0,0,0,0,2,0,0,1,1,1,0,0,0,1,1,2,0
0,0,1,1,0,2,0,0,0,0,1,4,1,0,1,1,1,0,0,2,0,0,1,1,1,1,0,0,0,0,2,0,3,3,2,0,1,0,2,0,0,0,1,1,1,0,6,2,1,1
2,0,0,3,2,1,1,1,1,0,0,1,0,0,0,0,0,0,1,1,0,0,0,0,0,1,0,0,0,0,0,1,0,0,1,0,0,0,0,0,0,1,0,0,0,0,1,0,0,0
0,0,3,1,1,1,0,3,1,0,0,1,0,1,1,2,0,1,0,0,0,0,0,1,1,1,2,0,0,0,0,0,1,2,2,0,1,1,0,0,3,1,0,0,0,0,0,1,1,2
0,0,0,0,0,0,0,0,0,0,0,0,0,0,0,0,0,0,0,1,1,1,3,2,1,1,2,1,2,1,0,0,0,1,0,1,0,0,1,0,0,0,0,0,1,1,0,0,1,0
0,0,0,0,1,0,0,0,0,0,0,0,1,0,0,1,0,0,0,0,0,0,0,0,1,1,0,0,0,0,1,1,1,1,0,0,0,2,1,0,0,0,0,0,0,0,0,1,0,0
0,0,0,1,0,0,0,1,0,1,0,1,0,1,0,0,2,0,0,1,0,0,1,1,1,0,0,1,1,0,0,0,0,0,0,0,0,0,0,1,2,0,0,1,0,0,1,1,0,0
0,0,0,0,0,0,1,0,0,0,0,2,1,0,1,1,0,0,1,1,0,3,0,0,1,2,3,2,0,0,0,0,2,0,0,0,0,0,0,1,1,1,2,0,0,1,0,2,1,1
0,1,2,0,0,0,2,1,0,1,0,0,1,0,0,1,1,0,1,1,0,0,2,0,1,0,1,0,1,0,1,1,0,0,2,0,1,1,1,0,1,0,2,2,0,0,1,2,1,0
0,1,0,0,0,0,0,1,0,0,0,0,0,0,0,1,0,1,0,0,0,1,0,0,1,0,0,0,0,0,1,0,1,0,0,1,0,0,0,0,0,0,0,1,0,0,0,2,1,0
0,0,3,2,1,1,1,0,0,0,0,0,0,1,0,0,1,0,0,0,0,1,0,0,0,0,2,0,0,1,2,0,0,1,1,1,0,1,1,0,0,1,0,0,0,0,0,0,0,0
0,1,1,0,2,0,0,2,0,0,1,1,0,1,0,2,0,0,0,0,0,0,0,1,0,0,0,0,0,1,0,1,1,0,1,2,2,1,1,0,1,1,0,0,0,0,0,0,1,1
0,0,0,0,0,0,0,0,1,0,0,0,0,3,1,0,0,0,1,1,1,1,0,0,0,1,3,0,1,0,0,1,0,0,0,0,0,0,0,0,2,4,2,0,1,0,1,1,2,0
1,1,0,0,0,0,0,0,1,0,1,1,2,1,0,0,1,0,0,2,1,0,0,2,0,0,1,1,0,0,1,0,0,1,0,2,0,0,0,0,0,0,0,0,0,1,0,0,0,1
0,0,1,2,0,1,0,0,2,0,0,1,1,0,0,0,1,1,0,0,0,0,0,1,0,0,0,0,0,1,0,0,1,0,3,2,5,1,2,0,2,1,0,1,0,0,0,0,1,0
0,0,0,0,1,0,0,0,1,1,0,1,0,0,0,2,1,0,0,0,0,1,0,0,1,1,0,0,0,1,0,2,0,0,1,0,0,0,0,0,0,0,1,2,1,0,2,3,3,0
0,2,2,4,0,0,1,3,2,0,0,1,0,1,1,0,1,1,0,0,0,0,0,1,0,0,1,1,0,2,3,1,0,1,0,1,1,0,0,2,1,0,1,1,0,0,0,1,1,0
3,2,1,0,1,0,1,0,0,1,0,0,0,0,0,0,0,1,0,0,1,0,0,2,2,0,1,0,1,1,0,0,0,0,0,0,0,0,0,0,0,0,0,2,2,0,0,1,0,0
0,0,0,1,0,1,1,0,0,0,0,4,1,1,0,1,0,1,2,1,0,0,0,1,0,0,0,3,0,0,0,0,1,0,1,1,1,0,0,1,1,0,0,0,0,0,0,0,0,0
1,0,2,0,1,0,0,0,0,0,0,0,0,0,0,0,0,0,1,0,0,0,0,0,0,0,0,1,1,0,0,0,1,0,0,0,0,0,1,0,0,1,0,0,1,1,1,2,0,1
4,0,0,0,0,0,0,0,1,1,0,1,0,0,0,0,0,0,0,1,0,0,0,0,1,0,0,2,1,0,0,0,0,0,2,0,0,0,1,0,2,0,0,0,1,2,1,1,1,1
1,1,0,2,1,2,1,0,0,0,0,1,0,0,0,0,0,0,0,1,2,0,1,1,2,0,1,1,1,2,0,0,0,1,1,0,0,0,0,0,0,1,0,0,0,1,0,0,0,0
0,0,0,0,0,0,0,0,0,0,0,1,1,0,1,1,1,0,0,1,0,0,0,1,1,0,1,0,1,1,1,0,0,0,0,0,0,0,0,0,3,1,0,0,0,1,0,0,0,0
1,0,0,0,1,2,0,0,0,0,1,0,0,1,2,0,0,0,0,0,0,0,0,2,1,0,0,0,1,0,0,0,4,0,0,0,0,0,0,1,0,1,0,0,0,0,0,1,0,0
0,2,2,2,0,3,0,0,0,0,1,1,0,2,1,1,0,0,2,1,0,0,0,1,1,0,0,0,0,0,0,0,0,1,1,0,2,0,1,1,0,0,0,0,1,0,1,0,0,2
2,2,0,1,1,1,1,2,1,0,0,0,0,0,0,0,0,0,0,0,0,0,0,0,0,0,0,0,0,0,0,0,0,0,1,1,1,0,0,1,0,1,1,0,2,0,0,0,0,0
0,0,0,1,0,2,0,0,0,0,0,0,0,0,0,0,0,0,1,1,0,0,0,0,0,0,0,0,0,0,0,0,0,1,1,0,0,0,0,1,1,1,0,0,1,0,0,2,0,0
0,2,3,0,0,1,0,0,2,0,1,1,3,0,2,1,1,2,0,0,0,0,1,0,1,1,1,0,1,0,0,0,0,1,0,0,0,0,0,0,3,1,0,2,0,1,1,3,1,0
1,0,0,2,2,2,0,2,3,0,0,0,1,1,1,0,0,0,0,0,2,0,1,0,0,0,1,0,1,0,0,1,0,0,0,0,0,2,0,0,0,0,0,0,0,0,0,0,0,1
0,1,0,1,1,0,1,1,0,2,0,0,0,0,0,0,0,0,0,2,0,0,0,2,2,0,0,3,1,2,0,1,0,0,0,0,0,0,0,2,0,1,1,0,0,0,0,0,0,0
0,0,0,1,0,1,2,1,0,1,0,0,1,0,2,0,1,2,0,0,0,0,0,0,0,0,1,0,0,0,2,0,0,1,0,0,0,0,0,0,0,0,0,2,1,2,0,0,0,1
0,0,0,0,0,1,0,0,0,1,0,1,0,0,0,0,0,1,0,0,0,1,2,0,3,0,1,2,0,3,1,0,0,1,2,1,1,0,0,1,1,0,1,0,0,0,0,0,1,0
0,0,0,0,0,1,0,0,0,1,0,0,0,0,0,1,1,0,0,0,0,2,0,1,1,0,1,0,0,0,0,2,1,1,3,1,0,0,0,1,0,0,2,0,0,0,1,0,1,0
1,1,1,1,0,1,1,1,1,0,1,1,0,2,2,0,4,0,0,1,0,2,0,0,0,0,0,0,0,0,1,0,1,0,0,1,1,0,0,0,0,1,1,0,0,0,0,1,0,0
0,0,0,1,1,0,0,1,0,0,0,1,0,0,0,0,0,1,0,0,1,0,1,0,2,0,0,1,0,2,1,1,0,0,0,0,0,1,0,1,1,5,0,1,0,0,2,1,1,0
0,0,0,0,0,0,0,0,1,0,1,0,0,1,0,0,1,0,0,0,0,0,0,0,2,0,0,0,0,0,0,0,0,0,1,0,2,0,0,0,0,0,0,0,0,1,0,2,0,0
0,0,1,4,2,2,0,2,0,0,0,0,0,1,0,0,0,0,0,0,0,0,0,0,0,0,0,0,0,0,1,0,0,0,0,0,0,0,0,0,0,1,0,0,0,1,0,0,0,0
0,1,0,0,0,0,0,0,0,0,1,0,0,0,1,1,1,0,0,1,0,1,1,1,0,1,0,0,1,0,0,0,0,0,0,0,0,1,0,1,0,0,0,2,3,0,2,0,0,2
0,1,1,0,0,0,0,1,0,0,0,0,0,0,0,1,0,0,0,0,0,0,0,1,0,0,0,1,0,1,0,1,0,0,0,0,0,1,0,0,0,0,1,1,0,0,0,0,0,0
0,0,0,0,0,0,0,0,0,0,0,0,0,0,0,0,0,0,0,0,0,0,0,1,0,0,0,0,0,0,0,2,0,0,0,0,0,0,0,0,1,0,0,0,0,0,0,0,1,1
0,0,0,0,0,0,0,0,1,0,0,0,0,0,0,1,0,0,0,1,0,0,0,0,0,1,2,0,0,0,2,3,0,1,0,0,0,0,2,2,4,0,2,0,0,3,1,0,0,0
1,0,1,0,0,0,0,0,2,0,0,0,1,0,0,0,0,0,0,0,2,1,1,4,1,0,1,2,0,1,0,1,0,0,0,0,0,0,0,0,0,0,0,0,0,0,0,0,0,0
0,0,1,2,0,1,1,0,0,0,1,0,0,1,0,0,0,1,0,2,2,0,2,0,0,3,2,2,1,0,1,1,0,0,0,0,1,1,0,0,3,0,0,3,3,1,0,0,3,1
1,2,0,0,1,0,1,0,2,1,0,1,0,0,1,0,0,0,0,0,1,0,0,1,2,1,1,0,1,0,0,2,0,1,0,0,1,0,0,1,0,0,0,0,0,2,0,0,0,0
1,0,0,1,0,1,0,0,0,0,0,0,0,0,0,0,0,0,0,0,1,0,1,0,0,0,0,0,0,0,0,0,1,0,1,0,1,1,0,1,0,1,1,0,1,0,0,1,2,0
